0,2.994442,-8.996836,-3.176518,26.625607,3.160128,-1.589442,22.166267,18.061615,-17.544289,18.739899,-17.482285,51.960648,-35.504807,-6.389633,-13.609348,-17.693481,3.109863,-18.492926
0,2.968030,-8.995838,-3.204013,38.053699,-6.515015,-1.410349,22.173477,18.082855,-17.533310,18.766373,-17.640335,51.859756,-35.562897,-6.260818,-13.544516,-17.706192,3.174988,-18.458086
0,2.946714,-9.009147,-3.186244,46.225891,-12.317333,0.321042,22.147141,18.030060,-17.606989,18.844231,-17.546677,51.825729,-35.611954,-6.203140,-13.438640,-17.712006,3.117432,-18.442333
0,2.956077,-9.011515,-3.170839,54.286201,-12.243559,1.744596,22.147064,18.039368,-17.600494,18.800644,-17.478394,51.827888,-35.609085,-6.239639,-13.461757,-17.676224,3.060303,-18.470984
0,2.985681,-8.999617,-3.176886,65.813477,-5.578674,-1.011661,22.103523,18.100128,-17.571371,18.842140,-17.463989,51.795624,-35.585281,-6.309174,-13.499477,-17.645599,3.019684,-18.490467
0,2.987132,-9.019665,-3.118122,81.139595,-15.269809,-4.178339,22.183334,17.920547,-17.624279,18.728378,-17.212494,51.913460,-35.526047,-6.308456,-13.599199,-17.545929,2.941910,-18.575401
0,2.994989,-8.996310,-3.177490,91.872650,-22.755589,1.846391,22.084373,18.068985,-17.621006,18.903267,-17.504608,51.813438,-35.542892,-6.238129,-13.526817,-17.573273,2.995834,-18.530434
0,2.953284,-9.026634,-3.130174,131.760864,-41.138779,-18.524349,22.477875,17.781952,-17.486284,18.293396,-17.508987,51.970879,-35.449951,-5.893616,-13.822895,-17.351532,3.065369,-18.708912
0,2.987972,-9.001858,-3.168371,128.129456,-36.228374,3.703808,22.474030,17.887451,-17.417028,18.257347,-17.684402,51.885681,-35.349182,-5.940887,-13.890368,-17.333420,3.121765,-18.716480
0,3.025904,-8.975416,-3.207151,146.200104,-32.000626,-4.802994,22.541016,17.949539,-17.310024,18.173645,-17.892990,51.822388,-35.318909,-5.992050,-14.082438,-17.235489,3.231277,-18.760208
0,3.058266,-8.982019,-3.157584,151.390549,-14.242212,2.818242,22.739899,17.851227,-17.197796,17.788925,-17.779083,52.053978,-35.213394,-6.038803,-14.412803,-17.038574,3.213654,-18.937164
0,3.072461,-8.984790,-3.135848,171.597260,-11.255521,0.858235,22.941422,17.804779,-16.996870,17.358978,-17.852432,52.174118,-35.088348,-6.001984,-14.733784,-16.870529,3.268219,-19.084023
0,3.094906,-8.998688,-3.073300,190.092163,-13.046996,-12.715017,23.152657,17.682129,-16.848728,16.920372,-17.720856,52.387333,-34.928024,-6.049850,-15.089617,-16.682327,3.241226,-19.260326
0,3.096974,-9.048652,-2.920728,229.428055,-18.738096,-22.355032,23.730743,17.356491,-16.417742,15.617172,-17.433258,52.762993,-34.631538,-5.948441,-15.837637,-16.211647,3.131897,-19.654715
0,3.101337,-9.060152,-2.880165,223.916183,5.502960,0.917436,23.956177,17.259079,-16.191721,15.153122,-17.465881,52.942101,-34.483757,-5.920212,-16.217472,-16.041969,3.166855,-19.806919
0,3.035518,-9.094122,-2.842986,237.636383,16.992706,0.531268,24.307686,16.975220,-15.994985,14.563828,-17.628738,53.141117,-34.415009,-5.686630,-16.589735,-15.849365,3.363800,-19.947731
0,2.973685,-9.169177,-2.661464,257.542664,-9.994949,-6.235805,24.860207,16.385422,-15.755942,13.305847,-17.253082,53.660805,-34.001350,-5.797073,-17.308535,-15.500633,3.497330,-20.269608
0,2.939532,-9.220912,-2.516730,283.684570,-31.717081,-0.267468,25.075104,15.985077,-15.783510,12.669479,-16.866211,54.087685,-33.560318,-6.193512,-17.599483,-15.469612,3.573074,-20.426392
0,3.170549,-9.220718,-2.219452,277.933746,-26.650265,-2.348382,24.980423,15.954773,-15.892901,12.087585,-15.311035,54.795803,-32.793106,-7.660583,-18.004639,-15.330215,2.930420,-20.743788
0,3.446761,-9.165684,-2.027332,273.677704,-21.726912,-1.866881,24.716705,16.258377,-15.925114,11.883888,-14.189407,55.206078,-32.123505,-9.037155,-18.271038,-15.236145,2.313049,-20.954502
0,3.524976,-9.171436,-1.859918,293.297150,-113.569504,16.295258,24.557869,16.160645,-16.226624,11.763298,-13.242523,55.612312,-31.846031,-9.732620,-18.185274,-15.262444,1.922516,-21.032913
0,3.322620,-9.291757,-1.619709,284.878845,-99.145187,13.624109,25.018974,15.155792,-16.522270,11.042480,-12.142288,56.053909,-31.949455,-9.443771,-18.133099,-15.113945,1.794754,-21.161961
0,3.213683,-9.371887,-1.356452,300.642639,-119.982605,12.898344,25.376541,14.365372,-16.693962,10.390205,-10.817673,56.396637,-31.913033,-9.529221,-18.126057,-14.956276,1.470581,-21.314470
0,3.085082,-9.450174,-1.084656,297.733551,-108.007767,28.595537,25.863098,13.514801,-16.615191,9.394104,-9.531448,56.643326,-31.783455,-9.468246,-18.355854,-14.621284,1.197937,-21.549973
0,3.165507,-9.461040,-0.684310,293.850006,-108.911270,29.433483,26.151718,13.047302,-16.494469,8.399921,-7.373489,56.955276,-31.375664,-10.350510,-18.592182,-14.227272,0.314865,-21.845142
0,3.216277,-9.460848,-0.384623,278.640808,-66.497932,27.737240,26.452534,12.702011,-16.195431,7.664040,-5.765671,57.062149,-31.137077,-10.935394,-18.804045,-13.902603,-0.381607,-22.061871
0,3.296361,-9.441077,0.008085,259.824493,-42.563545,31.435381,26.709431,12.285980,-15.997062,6.913105,-3.631134,57.239204,-30.817154,-11.827667,-18.924080,-13.548996,-1.324173,-22.262642
0,3.344837,-9.421655,0.210907,264.644257,-68.843536,30.584822,26.908474,12.066132,-15.644260,6.446945,-2.504791,57.190598,-30.634995,-12.288193,-19.063749,-13.326477,-1.815994,-22.386114
0,3.347044,-9.414761,0.399477,245.710999,-39.306843,38.980129,27.171741,11.758743,-15.290981,5.860512,-1.575409,57.165977,-30.451481,-12.565689,-19.283684,-13.044266,-2.195694,-22.518559
0,3.408534,-9.378713,0.649337,260.634064,-50.326130,33.841270,27.273579,11.502518,-15.082140,5.470284,-0.204056,57.101925,-30.183197,-13.222107,-19.301075,-12.818481,-2.796982,-22.593964
0,3.411931,-9.362852,0.834098,245.858246,-31.251938,39.646992,27.331715,11.131439,-14.994400,5.135391,0.780258,57.020012,-29.995087,-13.565903,-19.316391,-12.612312,-3.163177,-22.628916
0,3.185060,-9.453789,0.693736,239.235565,-1.200526,30.069504,27.598993,10.601151,-14.768366,5.034924,-0.164368,56.996197,-30.291702,-12.509964,-19.581299,-12.621616,-2.497131,-22.684464
0,2.872959,-9.552699,0.701460,234.191864,-12.485506,38.178596,28.138447,9.712021,-14.410814,4.489555,-0.445389,56.981388,-30.496071,-11.501678,-19.899319,-12.495903,-2.034515,-22.814867
0,2.742890,-9.598082,0.594456,236.888199,-2.599664,29.860764,28.360628,9.543030,-14.100502,4.165926,-1.202682,57.045567,-30.589497,-10.847702,-20.179731,-12.446156,-1.595673,-22.912071
0,2.652226,-9.631149,0.454597,236.061462,8.512694,38.150089,28.422461,9.524048,-13.913395,3.990498,-2.065201,57.087673,-30.681469,-10.245178,-20.382652,-12.429447,-1.147949,-22.959349
0,2.757473,-9.592583,0.615389,262.092834,-56.661430,25.573479,28.588415,9.724030,-13.545443,3.302107,-1.191513,57.138466,-30.384672,-10.890610,-20.577366,-12.236032,-1.607498,-23.117615
0,2.767801,-9.572492,0.840642,257.427887,-72.595589,23.345476,28.824167,9.601715,-13.181890,2.520244,-0.009781,57.229176,-30.176090,-11.336548,-20.773005,-11.986586,-2.127335,-23.273598
0,2.766733,-9.549383,1.074459,252.300308,-45.160645,26.650166,29.041004,9.447723,-12.866907,1.721379,1.209610,57.299381,-29.960842,-11.771790,-20.960215,-11.709320,-2.658524,-23.408192
0,2.731928,-9.553710,1.123916,247.165527,2.742779,45.237526,29.219618,9.515182,-12.579561,1.039362,1.357330,57.473488,-29.872589,-11.692322,-21.271986,-11.491968,-2.751694,-23.538548
0,2.744041,-9.539587,1.210996,242.981049,-5.910014,41.000183,29.200314,9.612701,-12.523508,0.655851,1.727173,57.599033,-29.710754,-11.906494,-21.378349,-11.327364,-2.980499,-23.597843
0,2.827235,-9.520286,1.170855,246.466049,-10.016697,34.280579,28.991138,9.932159,-12.646137,0.510398,1.432861,57.735264,-29.500822,-12.054626,-21.489473,-11.194340,-2.964066,-23.613144
0,2.840626,-9.521957,1.123905,242.836349,-22.856850,42.303654,28.921318,10.008209,-12.685333,0.320217,1.091705,57.829075,-29.362843,-11.968842,-21.642649,-11.073041,-2.830444,-23.643394
0,2.854423,-9.507557,1.207736,233.368881,-10.461149,56.093220,28.874435,9.956421,-12.697086,0.021765,1.455536,57.896725,-29.156424,-12.194199,-21.720671,-10.896669,-3.008331,-23.677338
0,2.933686,-9.472341,1.291611,226.061996,-33.743496,53.831478,28.741774,10.053116,-12.880903,-0.039278,1.933228,57.962738,-28.972389,-12.642853,-21.620556,-10.838383,-3.274780,-23.656252
0,2.934538,-9.466627,1.330962,231.586868,-33.911556,58.008556,28.769194,10.053741,-12.709095,-0.420515,2.044266,58.011711,-28.799547,-12.715347,-21.797653,-10.667765,-3.333359,-23.728476
0,3.044004,-9.421235,1.405119,233.519577,-1.723181,51.677654,28.619873,10.289093,-12.768719,-0.873989,2.421112,58.186638,-28.501945,-13.178345,-21.886032,-10.466019,-3.597260,-23.768660
0,3.031071,-9.428226,1.386066,223.900467,-35.610619,57.265549,28.700083,10.320175,-12.548153,-1.397829,2.187088,58.239517,-28.333752,-13.059601,-22.164383,-10.280341,-3.481720,-23.868055
0,2.959343,-9.460958,1.316260,216.518524,-4.923487,55.634350,28.806765,10.226273,-12.372120,-1.843033,1.670151,58.356789,-28.281250,-12.645935,-22.465567,-10.137529,-3.184662,-23.964968
0,2.856827,-9.508692,1.193029,218.934341,18.714056,62.605350,28.995842,10.090302,-12.059376,-2.457230,0.807022,58.441944,-28.201599,-11.997192,-22.915939,-9.933128,-2.700668,-24.096285
0,2.696631,-9.564656,1.116029,211.282196,12.228986,65.105965,29.240696,9.740417,-11.753609,-2.967674,0.227768,58.431484,-28.180407,-11.315857,-23.270071,-9.759192,-2.282745,-24.200899
0,2.608026,-9.588131,1.125137,192.302200,-13.138563,55.154972,29.405773,9.468796,-11.677078,-3.458942,0.208450,58.451824,-28.087700,-11.047394,-23.469458,-9.587608,-2.161316,-24.256115
0,2.504759,-9.610376,1.169124,179.393021,-23.929878,48.659595,29.590389,9.108902,-11.582226,-3.823315,0.424011,58.427517,-28.053278,-10.832504,-23.597651,-9.459614,-2.131744,-24.295397
0,2.503525,-9.614527,1.137207,179.048904,14.294178,45.644623,29.640575,9.183487,-11.353241,-4.269890,0.118271,58.406368,-27.894484,-10.706345,-23.862722,-9.263340,-2.027222,-24.359098
0,2.680241,-9.562713,1.170827,159.220993,-3.857409,45.345989,29.517422,9.768982,-11.167030,-4.756699,0.087143,58.352840,-27.489090,-11.268600,-24.066214,-9.009636,-2.248627,-24.416260
0,2.720401,-9.540092,1.259387,155.707672,-5.764659,42.486706,29.542915,9.850235,-11.072235,-5.108253,0.457855,58.250679,-27.263554,-11.565521,-24.171368,-8.803082,-2.489685,-24.433662
0,2.763495,-9.523299,1.292233,147.290222,-18.619194,27.891338,29.597996,9.992050,-10.934147,-5.457020,0.489532,58.130154,-27.028727,-11.726471,-24.340704,-8.594891,-2.584396,-24.459097
0,2.804193,-9.499245,1.378715,136.308701,-8.350807,33.090923,29.624580,10.021866,-10.922409,-5.660946,0.940979,58.103275,-26.890926,-12.021164,-24.365274,-8.474792,-2.823303,-24.460726
0,2.800817,-9.500376,1.377782,127.153755,7.549906,37.845615,29.698853,10.042526,-10.778934,-5.983074,0.868637,58.069946,-26.784233,-11.965683,-24.536776,-8.334789,-2.795547,-24.498446
0,2.765056,-9.502542,1.433929,118.117416,19.793810,34.384956,29.791599,9.901245,-10.682869,-6.271709,1.157684,58.006294,-26.710911,-11.981934,-24.620529,-8.213963,-2.884064,-24.519218
0,2.802424,-9.483705,1.485182,109.197800,0.008763,24.996990,29.818802,10.030441,-10.500481,-6.648117,1.301712,57.909950,-26.473904,-12.209076,-24.752363,-8.032860,-3.005966,-24.562469
0,2.790356,-9.479515,1.533852,88.703239,7.488632,27.878443,29.841503,9.968307,-10.496635,-6.762077,1.572617,57.914009,-26.446785,-12.296249,-24.747175,-7.990398,-3.114700,-24.567280
0,2.885903,-9.437366,1.614833,73.024757,-18.266417,21.999058,29.765770,10.278336,-10.333763,-6.626297,1.827576,57.687572,-26.209694,-12.774536,-24.753603,-7.847023,-3.415787,-24.539797
0,2.964816,-9.396678,1.706550,60.776112,-3.308857,19.259737,29.729065,10.551727,-10.197807,-6.774483,2.171875,57.573532,-25.971535,-13.204010,-24.807093,-7.666618,-3.726883,-24.534328
0,2.878469,-9.415078,1.752347,44.692932,-7.533475,23.437090,29.868240,10.276306,-10.092270,-6.791119,2.462677,57.552769,-26.060013,-13.072861,-24.842970,-7.640160,-3.782150,-24.540051
0,2.741753,-9.476616,1.636013,36.691460,-0.877459,9.735574,30.036804,10.038422,-9.932415,-6.866638,1.860672,57.778435,-26.277752,-12.422928,-25.004297,-7.740906,-3.374481,-24.639404
0,2.728427,-9.471756,1.685683,27.408997,-13.606573,9.998072,30.161880,10.038986,-9.647877,-7.280220,2.022980,57.643684,-26.102543,-12.483459,-25.198627,-7.539856,-3.467194,-24.684267
0,2.729097,-9.465559,1.719075,-25.297182,-4.892958,0.625726,30.240501,9.972977,-9.771858,-7.233727,2.186829,57.627926,-26.086006,-12.542419,-25.195152,-7.479809,-3.558258,-24.633617
0,2.618335,-9.523271,1.565770,-34.560860,0.204431,2.074052,30.229294,9.700226,-10.042645,-6.688438,1.515564,57.926262,-26.483822,-11.906906,-25.049391,-7.815151,-3.100967,-24.634714
0,2.663321,-9.510215,1.569247,-25.462242,-12.916853,3.115302,30.173790,9.815536,-10.080032,-6.641090,1.493454,57.883877,-26.415916,-12.048187,-25.024757,-7.798332,-3.141937,-24.616482
0,2.747758,-9.473816,1.642146,-28.739813,-22.398209,7.743942,30.081573,9.982437,-10.172333,-6.610405,1.864029,57.830475,-26.288498,-12.473068,-24.927645,-7.755196,-3.393753,-24.577553
0,2.808011,-9.448210,1.687132,-32.754673,-34.629543,2.714857,30.001312,10.106064,-10.254772,-6.557388,2.091919,57.804192,-26.205730,-12.766724,-24.841221,-7.742348,-3.554871,-24.549133
0,2.860150,-9.422680,1.741450,-38.050537,-35.862782,6.937753,29.949570,10.212326,-10.284863,-6.601940,2.353928,57.753288,-26.096069,-13.052795,-24.793247,-7.689323,-3.730484,-24.528069
0,2.853998,-9.413679,1.799264,-46.929394,-38.806992,6.002980,29.964176,10.137558,-10.282368,-6.627945,2.671722,57.678593,-26.059898,-13.184509,-24.749058,-7.654282,-3.868652,-24.508724
0,2.813304,-9.426857,1.794352,-50.700600,-15.960550,7.424422,30.009338,10.015167,-10.265083,-6.583382,2.660629,57.644238,-26.129566,-13.049362,-24.756897,-7.666759,-3.835342,-24.499180
0,2.808075,-9.428698,1.792867,-59.140400,-25.185837,2.166483,29.988617,9.980225,-10.299423,-6.442719,2.689880,57.630451,-26.192028,-13.034668,-24.698872,-7.720634,-3.840820,-24.481388
0,2.821626,-9.432745,1.749785,-64.896523,-30.589613,-3.633983,29.959625,10.061020,-10.288002,-6.386246,2.447571,57.630207,-26.215878,-12.960846,-24.714710,-7.752655,-3.751648,-24.485226
0,2.778468,-9.449230,1.729786,-81.582993,-43.923210,-6.306139,29.956253,9.892426,-10.418980,-6.063633,2.467484,57.634972,-26.432495,-12.800217,-24.568825,-7.919968,-3.699219,-24.443901
0,2.696727,-9.468385,1.754237,-91.974472,-49.306320,-9.758486,29.987724,9.562073,-10.533264,-5.787613,2.733139,57.623150,-26.642393,-12.639664,-24.422539,-8.046738,-3.715927,-24.397976
0,2.667021,-9.465743,1.812928,-106.821968,-45.960335,-8.349827,29.955799,9.355194,-10.711361,-5.559010,3.184296,57.647083,-26.785694,-12.704651,-24.233154,-8.152149,-3.862961,-24.340702
0,2.680274,-9.461612,1.814948,-111.543182,-23.414053,-10.291803,29.873302,9.363739,-10.855175,-5.350517,3.268356,57.731701,-26.884912,-12.744995,-24.117134,-8.245228,-3.907608,-24.307262
0,2.712940,-9.446679,1.843966,-130.284515,-47.636742,-10.726507,29.764374,9.395447,-11.015640,-5.134174,3.490677,57.782345,-26.928192,-12.924652,-23.957504,-8.327553,-4.024689,-24.266003
0,2.704768,-9.441286,1.883175,-140.117371,-32.858860,-10.059184,29.673897,9.271439,-11.231567,-4.751667,3.825897,57.830219,-27.087877,-13.014725,-23.724632,-8.476707,-4.149155,-24.198183
0,2.706480,-9.446033,1.856723,-143.578461,-13.364726,-20.902834,29.579262,9.261978,-11.304314,-4.478626,3.742050,57.910130,-27.206310,-12.965500,-23.628464,-8.593975,-4.106171,-24.179983
0,2.669220,-9.457406,1.852765,-159.478088,-35.951157,-29.286114,29.519325,9.084030,-11.421631,-4.064075,3.844528,57.918232,-27.415569,-12.879501,-23.427923,-8.788551,-4.083664,-24.134441
0,2.665026,-9.455705,1.867428,-183.066269,-67.652512,-36.493473,29.408249,8.922485,-11.750927,-3.506237,4.120804,57.968048,-27.641891,-12.931763,-23.096373,-9.040165,-4.137741,-24.043051
0,2.697072,-9.442307,1.889088,-187.584579,-94.550262,-45.288383,29.310680,8.914093,-11.936829,-3.197361,4.370834,57.983948,-27.739616,-13.099518,-22.872179,-9.191103,-4.233429,-23.986008
0,2.775064,-9.391215,2.025858,-187.498230,-58.136990,-25.913309,29.190254,8.894730,-12.231506,-2.881819,5.305298,57.984047,-27.776657,-13.677216,-22.495562,-9.314955,-4.670349,-23.876881
0,2.766597,-9.393596,2.026401,-179.615540,-24.389540,-22.189842,29.173763,8.811310,-12.385948,-2.524544,5.437256,58.052395,-27.945192,-13.663361,-22.311951,-9.492249,-4.685623,-23.834377
0,2.771174,-9.399979,1.990226,-196.587036,-46.003876,-39.138962,29.157019,8.801331,-12.583046,-2.143700,5.337463,58.089012,-28.080956,-13.633286,-22.116013,-9.696138,-4.603806,-23.796089
0,2.708875,-9.448259,1.841843,-202.546051,-23.901577,-52.280182,29.193146,8.699692,-12.843342,-1.701715,4.658890,58.269600,-28.393650,-13.133438,-21.980127,-10.014729,-4.180023,-23.784807
0,2.734842,-9.451305,1.787026,-214.314240,-61.837761,-58.348827,29.156160,8.754028,-13.070744,-1.433781,4.470474,58.327793,-28.483831,-13.135696,-21.791061,-10.216315,-4.058426,-23.754841
0,2.711222,-9.458020,1.787491,-223.625809,-75.792877,-49.732021,29.130997,8.562790,-13.287193,-1.033361,4.613419,58.314919,-28.654747,-13.116943,-21.528458,-10.433125,-4.028900,-23.692255
0,2.638851,-9.467240,1.846028,-226.667038,-89.779686,-43.390038,29.158722,8.142822,-13.482826,-0.576241,5.092377,58.191559,-28.885975,-13.072662,-21.203688,-10.655366,-4.093307,-23.599955
0,2.602980,-9.470373,1.880565,-220.566788,-99.233688,-47.975636,29.161034,7.890778,-13.580616,-0.100848,5.359894,58.003426,-29.041920,-13.093323,-20.936106,-10.836503,-4.135468,-23.520004
0,2.604494,-9.456559,1.946821,-228.843491,-128.177856,-47.030918,29.194981,7.759430,-13.592426,0.110946,5.761673,57.846214,-29.068924,-13.269974,-20.774879,-10.895966,-4.295456,-23.471817
0,2.704780,-9.370011,2.210669,-244.887512,-120.437462,-33.074600,29.137272,7.617249,-13.783066,0.265063,7.437485,57.614063,-29.004534,-14.157684,-20.295488,-10.948021,-5.073151,-23.316870
0,2.740559,-9.303448,2.436226,-256.653259,-122.511261,-38.093697,29.155493,7.304031,-13.814058,0.320103,8.843201,57.378677,-28.973068,-14.760010,-19.940882,-10.966143,-5.665634,-23.199078
0,2.635783,-9.310731,2.522485,-264.688019,-92.803452,-38.393959,29.291828,6.696350,-13.731066,0.599569,9.398972,57.212608,-29.181965,-14.619156,-19.774143,-11.087619,-5.740067,-23.140844
0,2.487539,-9.356601,2.503234,-261.661865,-94.624268,-50.395321,29.396069,6.078506,-13.741488,1.067176,9.351242,57.166977,-29.516502,-14.095688,-19.677902,-11.289083,-5.508942,-23.099936
0,2.393779,-9.380997,2.503345,-261.966949,-100.457512,-52.812660,29.503822,5.676056,-13.795334,1.305958,9.408340,57.206287,-29.735237,-13.772079,-19.628418,-11.403906,-5.395920,-23.072651
0,2.271730,-9.385882,2.597011,-271.354889,-104.098259,-33.867558,29.789358,5.145630,-13.523668,1.254164,9.953552,57.153870,-29.891186,-13.577957,-19.672138,-11.427315,-5.463638,-23.098774
0,2.096225,-9.425029,2.602822,-269.427551,-99.300583,-35.718277,30.101494,4.556137,-13.243973,1.353916,9.987457,57.158142,-30.159410,-13.022049,-19.801668,-11.512365,-5.252762,-23.156012
0,2.037341,-9.451911,2.551593,-257.545166,-123.060730,-52.191109,30.421616,4.532303,-13.047100,1.433786,9.666840,57.228683,-30.339134,-12.739075,-19.911835,-11.617393,-5.073853,-23.222216
0,2.023600,-9.399194,2.749583,-267.843658,-160.992035,-56.795292,30.533337,4.182602,-13.255045,1.672222,10.915298,57.105770,-30.519978,-13.082352,-19.555738,-11.734779,-5.570145,-23.075422
0,2.046585,-9.367849,2.838115,-273.081970,-125.460800,-45.279011,30.600002,4.083832,-13.434402,1.865181,11.525482,57.039291,-30.666359,-13.285843,-19.346428,-11.812302,-5.853195,-22.962671
0,1.905917,-9.464573,2.605636,-274.697021,-71.212418,-45.166088,30.512167,3.917450,-13.724400,2.573059,10.121109,57.150421,-31.112514,-12.267120,-19.348362,-12.063087,-5.173508,-22.918156
0,1.987369,-9.513029,2.356405,-276.908112,-68.856812,-52.001106,30.115654,4.479553,-14.418344,3.483963,8.772522,57.305527,-31.398994,-11.929916,-19.063894,-12.353905,-4.761505,-22.756926
0,1.919921,-9.565145,2.195885,-273.696655,-106.814095,-48.063602,29.888628,4.523880,-14.875450,4.148411,7.849197,57.350437,-31.719173,-11.318970,-18.882711,-12.576580,-4.358734,-22.639713
0,2.046003,-9.566041,2.074784,-312.027710,-12.789495,-29.485327,29.247871,5.031036,-15.767897,5.264015,7.401810,57.379604,-32.010132,-11.374496,-18.290171,-12.913284,-4.344788,-22.343204
0,1.905596,-9.639952,1.854732,-277.045166,-19.656290,-55.350899,29.235474,5.084351,-15.940155,5.421524,6.135834,57.661705,-32.297806,-10.389084,-18.464247,-13.004593,-3.713455,-22.379189
0,1.636782,-9.748587,1.511956,-270.474945,-25.605730,-52.493519,29.377140,4.999954,-15.891911,5.560547,4.091629,57.864510,-32.731758,-8.693756,-18.757294,-13.127312,-2.659851,-22.448114
0,1.472959,-9.806122,1.292427,-274.088684,-81.518852,-23.507299,29.470959,5.003906,-15.847868,5.676613,2.804962,57.903500,-32.980309,-7.624069,-18.891647,-13.204041,-2.004578,-22.468578
0,1.303853,-9.858801,1.050713,-314.172852,-78.377090,-15.559134,29.383556,4.948914,-16.070498,6.333908,1.444839,57.862415,-33.371429,-6.480515,-18.686745,-13.485382,-1.300186,-22.345079
0,1.220231,-9.877482,0.972826,-333.271973,-62.764645,-14.072944,29.071587,4.809311,-16.628084,7.684662,1.131256,57.580753,-33.919479,-5.896942,-17.962046,-13.989929,-1.125244,-22.013538
0,1.294279,-9.873644,0.914324,-340.419220,-58.346069,-34.851456,28.444614,5.009735,-17.447346,9.527100,1.072250,57.138172,-34.431259,-5.919830,-16.902225,-14.631401,-1.199020,-21.531670
0,1.506075,-9.856961,0.756342,-307.931671,-77.407112,-34.675823,27.615982,5.793365,-18.300194,11.352997,0.673859,56.623829,-34.808327,-6.268692,-15.826057,-15.253334,-1.294800,-21.010551
0,1.711339,-9.835095,0.584997,-296.183136,-52.997398,-48.259064,26.856941,6.636795,-18.989098,12.806480,0.264587,56.164955,-35.087982,-6.555771,-14.937750,-15.738876,-1.422546,-20.558043
0,1.750266,-9.839452,0.348929,-290.813568,-22.553123,-21.971127,26.458611,7.275467,-19.320967,13.737511,-0.726944,55.834236,-35.385368,-6.160004,-14.339165,-16.143013,-1.186798,-20.247923
0,1.632439,-9.862467,0.258635,-301.528595,-2.039561,10.353012,26.229996,7.197647,-19.639242,14.430412,-1.185898,55.541573,-35.719810,-5.572052,-13.712990,-16.522240,-0.923935,-19.976299
0,1.547664,-9.879414,0.043858,-319.161591,34.036060,18.143055,25.897781,7.474182,-20.013493,15.230026,-2.313904,55.360794,-36.073311,-4.957001,-13.118353,-16.893959,-0.468277,-19.689610
0,1.316400,-9.911366,-0.178634,-307.816071,59.248287,-16.539988,26.018684,7.496002,-20.020260,15.216118,-3.867386,55.428787,-36.413651,-3.878204,-13.029142,-17.005829,0.321320,-19.624342
0,1.298205,-9.904088,-0.472966,-253.951324,25.384336,-37.034611,25.920418,8.215515,-20.004688,15.161774,-5.541153,55.515480,-36.527115,-3.539948,-13.057148,-17.069534,0.946030,-19.566959
0,1.317019,-9.899840,-0.508553,-171.804138,-43.296471,-55.042839,26.357094,8.635590,-19.531101,13.984344,-5.871292,55.799500,-36.312576,-3.592682,-13.702700,-16.812241,1.028397,-19.843098
0,1.339454,-9.891666,-0.600662,-184.854706,-10.370078,-28.465717,26.409363,9.060028,-19.474606,13.708839,-6.404526,55.738281,-36.245667,-3.588364,-13.831832,-16.766571,1.157669,-19.850990
0,1.267667,-9.893286,-0.718271,-181.780411,10.709914,-24.810310,26.464157,9.043030,-19.658108,13.344345,-7.162811,55.784069,-36.120300,-3.215164,-14.013317,-16.620667,1.603302,-19.857624
0,1.117066,-9.912520,-0.702928,-176.068192,23.030813,16.400042,26.732727,8.579895,-19.641651,12.717979,-7.336914,55.897217,-35.982635,-2.717987,-14.327031,-16.384155,1.904831,-19.970793
0,0.944191,-9.925244,-0.773321,-171.409393,52.895683,11.500761,26.892715,8.175644,-19.638378,12.351410,-8.003815,55.852921,-35.837860,-2.069641,-14.525588,-16.218567,2.430222,-20.001801
0,1.005771,-9.905704,-0.930287,-170.143539,65.581863,23.898340,26.760551,8.654053,-19.700317,12.713821,-8.844131,55.863640,-35.842453,-2.065933,-14.510963,-16.269592,2.669052,-19.926960
0,1.021593,-9.890074,-1.069012,-152.531158,56.891205,25.268000,26.657867,8.914719,-19.747608,12.891449,-9.680954,55.864014,-35.794693,-1.948761,-14.555873,-16.250320,2.971848,-19.875584
0,1.082709,-9.869301,-1.193578,-161.041336,78.132347,17.066710,26.408928,9.188293,-19.985950,13.643509,-10.287842,55.779579,-35.858261,-2.004700,-14.376896,-16.371277,3.156631,-19.721478
0,1.201854,-9.842628,-1.295459,-143.806656,71.970047,19.493288,25.997665,9.591171,-20.284718,14.604645,-10.661118,55.697292,-35.929367,-2.347565,-14.095528,-16.570923,3.188812,-19.537680
0,1.156654,-9.839619,-1.357962,-107.412376,52.699226,17.439774,25.871567,9.448868,-20.461117,14.947800,-11.075790,55.707024,-35.933777,-2.142197,-14.014309,-16.598618,3.460052,-19.460587
0,1.005487,-9.852722,-1.383062,-93.519897,52.356598,25.521227,25.965714,8.961426,-20.541292,14.859818,-11.454224,55.789581,-35.910324,-1.563797,-14.065861,-16.508972,3.835617,-19.460136
0,0.863295,-9.863211,-1.404209,-76.359543,51.413776,26.914169,26.025497,8.539764,-20.662251,14.747192,-11.759735,55.842705,-35.897278,-1.036774,-14.038876,-16.462738,4.155975,-19.430748
0,0.754982,-9.877983,-1.362153,-67.604790,50.163963,37.177326,26.048187,7.985199,-20.794399,14.338379,-11.510605,55.595219,-35.789078,-0.751434,-14.002028,-16.359451,4.290329,-19.389553
0,0.729659,-9.868490,-1.442388,-28.578539,27.442726,19.583712,25.820007,8.167435,-21.028210,14.842285,-11.958557,55.451012,-35.912827,-0.630081,-13.624325,-16.578720,4.444504,-19.193439
0,0.604775,-9.877403,-1.439153,32.950214,-4.517753,15.289596,25.441956,8.125153,-21.495167,15.594254,-11.994873,55.705158,-36.139206,-0.240250,-12.974020,-16.978714,4.558975,-18.963440
0,0.659832,-9.883290,-1.373027,56.260353,-25.862045,11.367709,25.361877,8.180344,-21.536213,15.629105,-11.503052,55.869041,-36.118164,-0.534225,-12.960344,-17.038422,4.342178,-19.000332
0,0.746360,-9.878786,-1.361076,67.180626,-28.788738,2.974661,25.179352,8.403107,-21.623058,15.939819,-11.237900,55.863590,-36.143707,-0.895538,-12.813694,-17.176941,4.168152,-18.944876
0,0.851473,-9.865091,-1.398201,57.004749,-0.903474,2.965419,25.019989,8.875839,-21.621819,16.311172,-11.273132,55.763649,-36.221970,-1.231674,-12.646973,-17.332504,3.987762,-18.863976
0,0.798061,-9.888764,-1.255169,46.314594,15.713778,4.511527,25.334549,8.617981,-21.428740,15.704636,-10.672180,55.798645,-36.179337,-1.194382,-12.832447,-17.202942,3.727875,-19.014637
0,0.688829,-9.906126,-1.180758,57.000549,18.560385,2.640233,25.881516,8.292206,-20.981539,14.671127,-10.563934,55.873363,-36.022446,-0.810944,-13.325848,-16.904449,3.738815,-19.270153
0,0.776136,-9.883434,-1.309708,84.029671,-4.610151,-7.058880,25.755104,9.047226,-20.824547,14.822769,-11.219803,55.737564,-36.128922,-0.961533,-13.194645,-17.029861,3.738419,-19.186081
0,0.982481,-9.856053,-1.375841,81.473206,-16.662113,-11.119631,25.288445,9.927307,-20.919960,15.383026,-11.267792,55.633297,-36.279083,-1.733643,-12.832621,-17.294510,3.436722,-19.022598
0,1.090030,-9.838275,-1.421332,71.885002,-6.756117,-11.477773,25.053986,10.452469,-20.844387,15.647781,-11.311539,55.541893,-36.422623,-2.164154,-12.559805,-17.508270,3.283981,-18.916239
0,1.207928,-9.822039,-1.438219,65.612427,-0.303622,-7.923372,24.893303,10.765701,-20.695084,15.914413,-11.203445,55.459003,-36.487640,-2.662109,-12.419647,-17.666550,3.116699,-18.870951
0,1.275159,-9.809999,-1.462149,90.882446,-22.668570,-6.763214,24.615875,10.844284,-20.618534,16.221603,-11.172272,55.390636,-36.503952,-2.959518,-12.276463,-17.780853,3.087250,-18.809952
0,1.286980,-9.819678,-1.384772,134.060318,-64.906601,-19.379957,24.604187,10.387115,-20.679642,16.295624,-10.606949,55.434921,-36.487137,-3.150101,-12.228781,-17.820953,3.036804,-18.817528
0,1.292563,-9.831367,-1.293634,129.341705,-61.266224,-16.135586,24.628471,9.696793,-20.870647,16.644470,-9.931885,55.387432,-36.491714,-3.322113,-12.116585,-17.888077,2.992599,-18.783182
0,1.234224,-9.849952,-1.206289,152.574814,-68.676491,-13.184029,24.846802,9.199539,-20.838852,16.181412,-9.568604,55.468769,-36.384506,-3.137283,-12.380705,-17.673721,2.980179,-18.923943
0,1.180547,-9.866197,-1.124491,186.516647,-92.714348,-21.548948,25.218346,8.793701,-20.640348,15.543549,-9.227310,55.438438,-36.278320,-2.930542,-12.724731,-17.426636,2.926132,-19.099274
0,1.115253,-9.870026,-1.157070,176.234024,-69.501961,-16.040806,25.486992,8.642242,-20.468285,15.257774,-9.491806,55.286617,-36.290359,-2.521439,-12.903597,-17.279663,3.055344,-19.160160
0,1.250268,-9.857903,-1.121870,175.270554,-68.817513,-8.021312,25.461060,8.980545,-20.381182,15.503387,-9.049118,55.164230,-36.344742,-2.939453,-12.859415,-17.320541,2.641418,-19.169535
0,1.454417,-9.830846,-1.113163,126.390701,-20.796104,0.878769,25.166885,9.577621,-20.406898,16.228294,-8.604492,54.913975,-36.462219,-3.597641,-12.554556,-17.498169,2.088867,-19.059341
0,1.389573,-9.867052,-0.842828,175.267914,-64.326103,-5.196474,25.409157,8.833221,-20.407383,16.082817,-7.251678,54.952572,-36.472275,-3.599075,-12.526926,-17.435043,1.604660,-19.160398
0,1.419345,-9.877723,-0.645020,122.136841,-3.135659,28.754578,25.461678,8.391800,-20.475866,16.262779,-6.149780,54.887753,-36.473129,-3.946564,-12.396423,-17.448471,1.143555,-19.180170
0,1.583664,-9.865440,-0.406302,189.332703,-49.937347,9.834539,25.436569,8.255447,-20.507645,16.279251,-4.616241,54.995552,-36.332359,-4.774826,-12.427561,-17.364769,0.379501,-19.279852
0,1.712512,-9.851748,-0.101841,178.493454,-44.040451,11.278756,25.435684,7.874374,-20.655369,16.427765,-2.682617,54.966442,-36.231148,-5.543152,-12.205067,-17.386711,-0.475204,-19.284698
0,1.566725,-9.874896,0.178346,230.843674,-72.934258,-18.734756,26.057602,6.935226,-20.332821,15.588303,-1.432907,55.145706,-36.157959,-5.232224,-12.535238,-17.151062,-0.769974,-19.538317
0,1.606483,-9.863222,0.368866,228.834564,-51.075264,-15.813898,26.300980,6.689423,-20.089260,14.989082,-0.381027,55.241043,-35.993942,-5.562897,-12.790739,-16.933800,-1.208511,-19.710388
0,1.691694,-9.843350,0.496622,236.965134,-43.032738,-4.493059,26.257568,6.628113,-20.066570,15.080070,0.479218,55.042812,-35.871498,-5.942856,-12.634634,-16.920677,-1.643326,-19.690201
0,1.848147,-9.807594,0.628850,248.311188,-54.702209,12.451990,25.987892,6.667572,-20.197521,15.260178,1.443512,54.845230,-35.618965,-6.554123,-12.438969,-16.814644,-2.198380,-19.650579
0,2.074992,-9.756559,0.709901,251.823044,-64.551933,9.703154,25.725601,6.998093,-20.262447,15.363358,2.182037,54.827194,-35.425728,-7.493484,-12.659727,-16.630104,-2.718018,-19.626785
0,2.099203,-9.750813,0.717631,250.504456,-42.489388,12.703305,25.802986,6.946716,-20.200352,15.288284,2.096817,55.044670,-35.487343,-7.975021,-13.007391,-16.515549,-2.540207,-19.719757
0,2.264346,-9.716174,0.684615,241.950500,-37.635891,1.603595,25.654984,7.361893,-20.210258,15.271370,2.071381,55.213589,-35.260925,-8.723099,-13.241482,-16.411812,-2.602615,-19.787251
0,2.299729,-9.703299,0.746492,253.113922,3.270292,5.490086,25.860687,7.354370,-20.012222,14.697327,2.286957,55.515739,-35.048981,-9.059631,-13.692169,-16.171005,-2.661697,-19.993706
0,2.301091,-9.687217,0.928877,270.056244,4.391364,22.202089,26.294815,7.120483,-19.608034,13.597443,3.045319,55.941650,-34.736023,-9.427353,-14.321140,-15.774010,-2.911316,-20.332436
0,2.065677,-9.715949,1.154696,261.612854,11.498208,19.214931,27.101391,6.226288,-18.898567,12.034443,3.673416,56.474525,-34.494072,-9.044785,-15.225130,-15.283531,-2.866989,-20.802872
0,1.831779,-9.743944,1.303893,258.612976,9.175260,14.409220,27.849449,5.467697,-18.126438,10.394798,3.981140,57.010738,-34.181900,-8.572540,-16.185120,-14.776131,-2.700958,-21.279991
0,1.687130,-9.741296,1.503578,265.991058,0.372618,45.626095,28.460403,4.841400,-17.343721,8.858246,4.685211,57.130135,-33.784340,-8.578308,-16.934366,-14.281387,-2.823792,-21.643806
0,1.722080,-9.714831,1.629875,287.917816,-33.992447,4.629290,28.798584,4.816635,-16.793863,7.840786,5.244751,57.320057,-33.334488,-9.135345,-17.408178,-13.974922,-3.025757,-21.928785
0,1.984014,-9.616170,1.895512,302.687531,-80.522766,16.429001,28.754364,5.100327,-16.728258,7.465500,6.914322,57.318817,-32.845776,-10.668961,-17.277706,-13.844936,-3.897812,-21.965122
0,2.208931,-9.499964,2.207107,302.813904,-85.117897,31.310980,28.715281,5.142715,-16.737989,7.482819,8.912384,57.179111,-32.537632,-12.091217,-16.881384,-13.842731,-4.873474,-21.879356
0,1.983798,-9.528057,2.297969,293.487183,-29.793478,44.225475,29.233904,4.361053,-16.200981,7.161743,9.109741,57.098053,-32.714432,-11.532486,-17.151953,-13.780048,-4.753357,-22.002359
0,1.947660,-9.487000,2.490674,298.531525,-5.680274,55.053452,29.419708,3.946915,-15.948904,6.630699,10.022705,57.006779,-32.528225,-11.854248,-17.240129,-13.573292,-5.121613,-22.050682
0,2.277837,-9.352684,2.709016,268.419586,-0.456347,71.302559,28.975140,4.436905,-16.337088,6.528683,11.480515,56.751324,-32.034721,-13.421249,-16.723545,-13.429993,-6.075150,-21.829601
0,2.486045,-9.252864,2.864280,286.169952,-50.216862,53.311428,28.534143,4.593414,-16.833294,6.910870,12.589462,56.412998,-31.837423,-14.409668,-16.023914,-13.522558,-6.729507,-21.529200
0,2.677787,-9.121881,3.101732,273.743317,-27.960257,78.225929,28.211657,4.551819,-17.295441,7.156425,14.238983,55.955338,-31.670975,-15.406479,-15.352270,-13.493408,-7.583710,-21.173540
0,2.664585,-9.062675,3.281450,261.813477,14.367049,66.984749,28.062794,3.996033,-17.471300,7.397024,15.386261,55.634182,-31.705576,-15.628464,-14.964642,-13.520010,-7.957260,-20.973478
0,2.880098,-9.023138,3.207494,253.081329,88.811546,64.943039,28.001297,4.792725,-17.378593,6.952717,15.068359,56.134640,-31.252110,-16.303894,-15.172573,-13.320715,-8.096146,-21.115566
0,2.942880,-9.036474,3.111524,263.023834,-1.660174,40.557903,27.960835,5.173035,-17.336456,6.918823,14.531921,56.542862,-31.102068,-16.383850,-15.336798,-13.314526,-7.959290,-21.231335
0,3.069869,-9.034129,2.993396,235.036331,-14.375657,35.257557,27.721043,5.761063,-17.399126,6.961457,13.954651,56.858585,-30.904556,-16.604767,-15.424349,-13.293189,-7.884048,-21.293961
0,3.244632,-8.987386,2.949450,239.246048,-27.769463,17.273558,27.512177,6.445404,-17.387247,6.645279,13.757492,57.054096,-30.505322,-17.142059,-15.541861,-13.103909,-8.040863,-21.360245
0,3.342899,-8.957233,2.931381,241.783539,-19.406923,13.254631,27.381193,6.894211,-17.366463,6.279060,13.609299,57.237190,-30.207821,-17.458923,-15.704002,-12.905901,-8.146072,-21.434603
0,3.385306,-8.957873,2.880315,233.818222,-11.891582,24.212429,27.215780,7.162552,-17.473709,6.311781,13.328339,57.423550,-30.154175,-17.494507,-15.746420,-12.883463,-8.120636,-21.455723
0,3.418616,-8.967046,2.811610,231.636108,37.627613,41.811516,27.089005,7.453125,-17.491434,6.183404,12.893127,57.671818,-30.073658,-17.456512,-15.945379,-12.782784,-8.029373,-21.532740
0,3.516101,-8.962011,2.705438,232.951996,43.169174,41.526581,26.943089,8.033020,-17.380882,5.778067,12.178787,57.857044,-29.785515,-17.567841,-16.313717,-12.538995,-7.909317,-21.669788
0,3.542302,-8.988474,2.580591,234.028046,35.639423,38.394955,26.879517,8.429947,-17.245716,5.335716,11.310440,58.043598,-29.624783,-17.391876,-16.739458,-12.347232,-7.630356,-21.827400
0,3.479129,-9.034735,2.503842,238.314407,-1.219966,32.982143,26.991915,8.519028,-16.983913,4.771223,10.611710,58.122528,-29.551371,-17.028015,-17.183048,-12.165698,-7.320068,-21.996094
0,3.423871,-9.067405,2.461561,228.970169,-1.405924,44.810455,27.132298,8.604141,-16.702183,4.184624,10.113861,58.157978,-29.462095,-16.760803,-17.581640,-11.967923,-7.113022,-22.143953
0,3.462343,-9.054577,2.454960,219.372986,-3.284986,45.218117,27.256752,8.986267,-16.272682,3.318476,9.754944,58.075974,-29.109858,-16.872360,-18.053133,-11.593142,-7.105530,-22.306164
0,3.507562,-9.049569,2.408796,205.655624,17.550169,45.609413,27.343031,9.428726,-15.890602,2.568464,9.217026,58.048374,-28.815781,-16.906860,-18.516533,-11.275646,-7.022324,-22.462456
0,3.483389,-9.069052,2.370296,192.616516,-1.337237,34.637749,27.485073,9.606720,-15.594032,1.934868,8.788544,58.063030,-28.696035,-16.726044,-18.897369,-11.074270,-6.874588,-22.594933
0,3.597262,-9.015676,2.403598,191.011734,-12.578478,31.075844,27.530373,10.181900,-15.285458,0.657013,8.684219,58.157803,-28.132160,-17.138824,-19.389400,-10.575953,-7.018173,-22.769764
0,3.645260,-9.006076,2.366997,172.153564,58.405018,52.969414,27.630043,10.626297,-14.951866,-0.381420,8.125671,58.262112,-27.734962,-17.189499,-19.932842,-10.170641,-6.911530,-22.958170
0,3.688372,-8.989389,2.363642,162.886887,20.772858,42.049976,27.644287,10.859100,-14.892830,-0.912556,8.015213,58.342278,-27.539087,-17.288620,-20.129372,-9.996563,-6.920456,-23.026760
0,3.726511,-8.974445,2.360605,167.812943,1.520861,48.032940,27.770275,11.126709,-14.639576,-1.772289,7.722626,58.365891,-27.180849,-17.360001,-20.541798,-9.653057,-6.870392,-23.158562
0,3.676853,-8.991214,2.374624,161.920258,8.799282,52.226974,27.927498,11.026123,-14.542431,-2.135906,7.690506,58.363430,-27.148180,-17.219131,-20.713764,-9.536049,-6.817322,-23.205368
0,3.699959,-8.973030,2.407288,161.232803,-13.858440,32.429493,28.021500,11.157211,-14.360245,-2.729565,7.710373,58.329037,-26.909550,-17.338547,-20.937126,-9.304596,-6.870331,-23.271992
0,3.715525,-8.979556,2.358484,164.656174,57.725933,71.005653,28.146576,11.441376,-14.122334,-3.584679,7.121414,58.504635,-26.606609,-17.275436,-21.330173,-9.068005,-6.691849,-23.436745
0,3.748305,-8.944304,2.439187,148.489105,-14.672388,36.524220,28.276268,11.610672,-13.799324,-4.577454,7.315628,58.327293,-26.237097,-17.524414,-21.595963,-8.722443,-6.861847,-23.509846
0,3.720786,-8.955470,2.440351,134.416245,-11.742869,34.071030,28.423729,11.622147,-13.588505,-5.219963,7.134567,58.273613,-26.087658,-17.418060,-21.859436,-8.528393,-6.781067,-23.587341
0,3.680076,-8.958020,2.492171,113.078339,-22.743185,27.642681,28.552315,11.479156,-13.496082,-5.562462,7.352280,58.186001,-26.029968,-17.404236,-21.940449,-8.411579,-6.843765,-23.595127
0,3.747276,-8.926171,2.506270,92.077827,-19.058435,17.275131,28.493046,11.679520,-13.497574,-5.706913,7.388657,58.159367,-25.884254,-17.609207,-21.966331,-8.316738,-6.939545,-23.585068
0,3.729771,-8.927208,2.528590,95.347450,18.069469,26.667604,28.529427,11.589935,-13.507980,-5.623688,7.531235,58.082123,-25.922462,-17.598373,-21.941956,-8.307072,-6.984863,-23.552422
0,3.746887,-8.921662,2.522852,77.204056,14.118814,21.874413,28.529083,11.669540,-13.448704,-5.662987,7.459106,58.038937,-25.866295,-17.612808,-22.007488,-8.249908,-6.981766,-23.558048
0,3.781059,-8.901555,2.542816,60.367649,0.201767,11.797333,28.519073,11.784317,-13.372200,-5.829002,7.529175,57.990486,-25.750526,-17.734024,-22.072586,-8.149940,-7.051880,-23.564541
0,3.815762,-8.878567,2.571187,54.998058,14.644252,15.362180,28.488907,11.878433,-13.374222,-6.004288,7.685211,58.011318,-25.662987,-17.892151,-22.079380,-8.085098,-7.149475,-23.566013
0,3.815955,-8.883577,2.553535,54.737247,30.083023,18.954039,28.502151,11.930710,-13.312061,-6.094585,7.543213,58.036083,-25.631710,-17.838791,-22.171459,-8.043674,-7.092789,-23.596649
0,3.791152,-8.901611,2.527545,50.073071,39.005997,22.573151,28.564240,11.926804,-13.193901,-6.202789,7.315506,58.033333,-25.597450,-17.690369,-22.320499,-7.982952,-6.976532,-23.642769
0,3.780360,-8.912180,2.506379,37.308849,37.679382,18.107819,28.601845,11.953583,-13.087368,-6.297295,7.120239,58.007465,-25.544708,-17.595581,-22.440804,-7.924446,-6.889542,-23.678402
0,3.785641,-8.913361,2.494180,30.055088,35.402683,15.788379,28.608437,11.997086,-13.052635,-6.371353,7.004700,57.998577,-25.485157,-17.573746,-22.505497,-7.880905,-6.844559,-23.697083
0,3.806921,-8.908393,2.479493,25.471392,28.781452,12.063532,28.587807,12.089661,-13.027267,-6.425804,6.875473,57.986492,-25.409874,-17.594421,-22.555111,-7.841209,-6.811249,-23.712067
0,3.826638,-8.906511,2.455789,24.080782,26.705818,11.265044,28.565842,12.188232,-12.996315,-6.476730,6.700287,57.986519,-25.349167,-17.589661,-22.612232,-7.813286,-6.755173,-23.733181
