0,5.457612,-8.153742,-1.931569,26.111645,23.271271,-15.458264,20.758873,20.852676,-15.034016,12.763359,-10.821548,53.916809,-28.568031,-15.721329,-18.572765,-14.658615,-1.127609,-20.849215
0,5.462375,-8.150515,-1.931725,26.375050,35.815586,-22.188576,20.760841,20.871109,-15.001232,12.744583,-10.835007,53.918945,-28.557907,-15.726608,-18.595419,-14.646835,-1.129807,-20.860310
0,5.465379,-8.150156,-1.924733,29.128754,45.600338,-22.616669,20.779671,20.877243,-14.960508,12.697273,-10.826828,53.929440,-28.543388,-15.731216,-18.626665,-14.623764,-1.138840,-20.879797
0,5.425222,-8.180417,-1.909904,16.440308,75.879120,-27.157816,20.887154,20.754196,-14.974144,12.655304,-10.800995,53.952797,-28.629807,-15.615158,-18.610283,-14.620583,-1.107086,-20.884573
0,5.365555,-8.222342,-1.898395,17.744850,87.640312,-23.127661,21.031776,20.584137,-15.000643,12.601105,-10.813644,53.978928,-28.750519,-15.428192,-18.589275,-14.627037,-1.032700,-20.884911
0,5.306539,-8.259434,-1.903260,27.008329,85.206108,-19.018055,21.162933,20.440567,-15.013323,12.542000,-10.928207,53.997124,-28.862503,-15.207718,-18.594191,-14.634491,-0.914230,-20.883690
0,5.230019,-8.305290,-1.915478,38.348541,90.095917,-19.887335,21.333076,20.262131,-15.023563,12.441750,-11.115387,54.024563,-29.006454,-14.906342,-18.612249,-14.642014,-0.744812,-20.882421
0,5.168532,-8.342261,-1.921707,47.249153,96.474953,-20.266043,21.484962,20.115936,-15.017935,12.310661,-11.273560,54.073093,-29.111351,-14.651230,-18.655590,-14.626961,-0.604675,-20.895042
0,5.075565,-8.403534,-1.902433,29.584667,143.488068,-9.241974,21.718895,19.844452,-15.053266,12.145187,-11.331772,54.143986,-29.265709,-14.332214,-18.673109,-14.596153,-0.472198,-20.910873
0,4.982601,-8.463241,-1.883415,55.470516,141.537811,-24.267012,21.958542,19.574326,-15.057747,11.960960,-11.407715,54.237534,-29.398666,-14.011307,-18.711916,-14.566010,-0.327759,-20.940105
0,4.862239,-8.516982,-1.954390,71.493065,137.012268,-13.138967,22.167336,19.387268,-15.004544,11.905373,-11.973541,54.191353,-29.631393,-13.456436,-18.753500,-14.600426,0.023895,-20.913120
0,4.702227,-8.583861,-2.050948,65.906616,180.088882,0.331709,22.458145,19.137924,-14.903162,11.820122,-12.713654,54.084648,-29.942223,-12.720215,-18.795567,-14.647766,0.484589,-20.870058
0,4.543897,-8.650935,-2.124693,79.709778,191.659714,10.346042,22.797356,18.852951,-14.757093,11.580040,-13.387497,54.012436,-30.182922,-12.002075,-18.895138,-14.639389,0.928436,-20.864004
0,4.378725,-8.718720,-2.193329,107.893761,171.300171,25.212187,23.158310,18.532883,-14.600010,11.268738,-14.057617,53.952389,-30.392441,-11.256119,-19.017820,-14.602776,1.387497,-20.868586
0,4.226721,-8.764109,-2.307647,116.352135,217.019333,52.220371,23.518623,18.323608,-14.292436,10.850716,-15.058487,53.788475,-30.526772,-10.417023,-19.270096,-14.496582,1.957260,-20.884895
0,4.065364,-8.786724,-2.503257,150.095444,231.640213,44.017548,23.871002,18.214584,-13.852566,10.460800,-16.504364,53.453217,-30.681610,-9.390778,-19.546679,-14.412483,2.709000,-20.853472
0,3.822520,-8.843979,-2.678128,146.072769,255.685013,73.289391,24.390060,17.831833,-13.462282,9.858536,-17.886276,53.142883,-30.904846,-8.116180,-19.773331,-14.287827,3.536255,-20.812990
0,3.632404,-8.891564,-2.783113,179.169983,261.044617,64.942253,24.881100,17.458252,-13.048112,9.103905,-18.886520,52.970284,-30.971786,-7.103226,-20.075119,-14.073189,4.164520,-20.850351
0,3.444407,-8.941179,-2.862057,199.955704,251.189255,83.062599,25.420574,17.014725,-12.584417,8.135765,-19.736481,52.833630,-30.973083,-6.094849,-20.437317,-13.782036,4.751266,-20.926191
0,3.254316,-9.047433,-2.748343,243.251892,215.546310,94.597015,26.190388,16.204880,-12.033158,6.449120,-19.641434,53.179077,-30.741165,-5.325394,-21.066572,-13.246910,5.033859,-21.261206
0,3.147514,-9.079629,-2.766495,282.042603,203.463867,88.417343,26.775814,15.800278,-11.237498,4.982422,-20.185150,53.155998,-30.444824,-4.551605,-21.749010,-12.745216,5.463577,-21.502588
0,2.980375,-9.106647,-2.861177,311.871124,116.154968,139.724396,27.453655,15.289444,-10.302251,3.239929,-21.183121,52.906513,-30.098907,-3.385544,-22.482723,-12.155144,6.162857,-21.688046
0,2.782786,-9.136242,-2.963983,323.592621,128.116425,147.031342,28.125992,14.650620,-9.369136,1.466408,-22.161469,52.553879,-29.723366,-2.104874,-23.174959,-11.516548,6.886383,-21.834227
0,2.601059,-9.160114,-3.053980,314.925873,109.111794,174.261734,28.727932,14.015549,-8.483578,-0.261337,-22.999802,52.192535,-29.283455,-0.933060,-23.829424,-10.871414,7.539795,-21.963972
0,2.493425,-9.184729,-3.069787,313.339569,167.895615,187.639877,29.197929,13.480972,-7.608887,-1.860550,-23.392700,51.976234,-28.771156,-0.156006,-24.514153,-10.227959,7.915970,-22.157400
0,2.292262,-9.247767,-3.037159,323.925659,81.446693,201.906982,29.755280,12.620483,-6.820226,-3.715572,-23.447952,51.862839,-28.209774,0.746918,-25.177944,-9.493801,8.258133,-22.378460
0,2.053550,-9.301921,-3.042566,333.742798,47.800892,212.523544,30.293699,11.628723,-5.984301,-5.768902,-23.633102,51.610653,-27.532703,1.856461,-25.866194,-8.646778,8.711761,-22.549419
0,1.820897,-9.345732,-3.056408,353.925385,6.682679,245.948776,30.771137,10.675720,-5.162919,-7.662086,-23.763596,51.334946,-26.885269,2.892746,-26.470795,-7.867157,9.117188,-22.694038
0,1.494677,-9.381138,-3.124131,353.118713,-4.864370,245.466064,31.243103,9.433578,-4.434416,-9.683517,-24.011124,50.956734,-26.183262,4.272934,-26.977573,-7.011478,9.683105,-22.748409
0,1.193022,-9.405231,-3.180931,376.804901,-85.578484,250.935257,31.604645,8.289413,-3.815321,-11.556522,-24.099503,50.591095,-25.471203,5.477798,-27.415129,-6.196976,10.141861,-22.782253
0,0.999649,-9.407803,-3.239438,366.606384,-108.651474,226.508911,31.856010,7.460205,-3.157127,-13.266994,-24.234650,50.176929,-24.721985,6.394165,-27.879076,-5.431091,10.505264,-22.806343
0,0.353178,-9.443123,-3.271498,323.665344,-111.370720,208.343872,32.379642,4.767975,-1.362497,-17.953011,-23.343109,49.259094,-22.556313,8.631851,-29.090057,-3.275795,11.048294,-22.983665
0,0.064020,-9.448901,-3.273250,318.749298,-185.229645,212.916626,32.542488,3.519684,-0.433294,-20.240120,-22.664825,48.754543,-21.386108,9.542435,-29.698172,-2.191418,11.166916,-23.066301
0,-0.218056,-9.470448,-3.203603,316.045868,-259.701233,180.041122,32.634163,2.336990,0.306780,-22.147984,-21.519211,48.430363,-20.342655,10.081940,-30.239342,-1.257252,11.056549,-23.196587
0,-0.410136,-9.482576,-3.148419,281.389984,-248.007584,192.536041,32.694283,1.457291,1.002811,-23.684298,-20.647720,48.027058,-19.381308,10.403992,-30.735126,-0.443167,10.918060,-23.277454
0,-0.536884,-9.508121,-3.050800,246.495895,-161.622894,173.875183,32.676758,0.885086,1.481339,-24.732655,-19.722580,47.887939,-18.707508,10.390030,-31.136711,0.114494,10.668365,-23.397228
0,-0.710392,-9.540401,-2.911373,268.974976,-249.743256,149.701370,32.632599,0.148560,2.081572,-26.001740,-18.402115,47.690987,-17.866409,10.293747,-31.628498,0.801455,10.291458,-23.551113
0,-0.737060,-9.574524,-2.790203,224.321915,-182.345078,167.191193,32.578754,-0.052795,2.651863,-26.904758,-17.572769,47.502270,-17.238903,9.983826,-32.070087,1.285666,9.948120,-23.678276
0,-0.839371,-9.587365,-2.716226,198.771500,-199.603958,149.977005,32.517048,-0.457657,3.112171,-27.732391,-16.803787,47.271908,-16.658203,9.934097,-32.380943,1.745943,9.705963,-23.746817
0,-1.033986,-9.578947,-2.678552,204.155594,-220.933838,119.828133,32.435291,-1.182434,3.530033,-28.676914,-15.945724,46.960716,-15.980820,10.113235,-32.630669,2.288530,9.534195,-23.764168
0,-1.148929,-9.614346,-2.498864,170.009018,-240.494217,107.450180,32.367092,-1.633804,4.108578,-29.791283,-14.513290,46.733429,-15.186920,9.624298,-33.099030,2.889547,9.019379,-23.905205
0,-1.236230,-9.625957,-2.410954,134.167923,-217.710007,104.689026,32.315094,-1.974762,4.498459,-30.558170,-13.665253,46.511497,-14.632790,9.412399,-33.375328,3.308898,8.740662,-23.957401
0,-1.326428,-9.622793,-2.375383,116.979408,-209.753204,93.757866,32.261524,-2.305023,4.759422,-31.109173,-13.096085,46.323582,-14.232189,9.393661,-33.533485,3.615764,8.593613,-23.969093
0,-1.444731,-9.604594,-2.380025,83.926308,-183.539047,74.353310,32.222626,-2.711075,4.855721,-31.458281,-12.679901,46.234516,-13.988935,9.566467,-33.577019,3.812256,8.552658,-23.959976
0,-1.539694,-9.597012,-2.350896,71.332771,-160.665039,54.042774,32.186882,-3.017548,4.932110,-31.710232,-12.189484,46.230019,-13.817487,9.590057,-33.637794,3.951673,8.440155,-23.987206
0,-1.605787,-9.598493,-2.300086,63.852371,-167.220215,41.951279,32.153831,-3.225769,5.007324,-31.883451,-11.697662,46.245178,-13.686903,9.489563,-33.712540,4.055256,8.286072,-24.029892
0,-1.696640,-9.589433,-2.272486,51.614666,-159.845947,34.018898,32.109165,-3.532593,5.084602,-32.072411,-11.240524,46.214966,-13.529196,9.500290,-33.764408,4.180346,8.176270,-24.049971
0,-1.814100,-9.565652,-2.281960,35.876377,-135.551697,29.599318,32.049850,-3.959091,5.155754,-32.307381,-10.859299,46.153606,-13.341129,9.687027,-33.787502,4.331163,8.146301,-24.040661
0,-1.915968,-9.542019,-2.297591,18.860773,-110.250832,17.562847,32.002563,-4.333603,5.166561,-32.449001,-10.585312,46.134605,-13.219277,9.875931,-33.781006,4.431174,8.146240,-24.028164
0,-1.991531,-9.522340,-2.314920,8.865437,-85.809952,6.962043,31.973713,-4.617401,5.147377,-32.537571,-10.413437,46.148495,-13.151217,10.042496,-33.763367,4.489604,8.166580,-24.017796
0,-2.024815,-9.517917,-2.304209,-2.755003,-80.650345,-5.422075,31.972048,-4.735931,5.089073,-32.505028,-10.273941,46.234203,-13.179834,10.054565,-33.750622,4.473793,8.145905,-24.034208
0,-2.034420,-9.519226,-2.290297,-16.117598,-75.403435,-12.048103,31.993835,-4.759811,4.987347,-32.385681,-10.220367,46.358952,-13.279275,10.028473,-33.720242,4.404584,8.134537,-24.055908
0,-2.031352,-9.523417,-2.275555,-25.534363,-76.464134,-38.949848,32.020645,-4.721573,4.876751,-32.199398,-10.214920,46.503613,-13.433369,9.995209,-33.678566,4.294271,8.127365,-24.085396
0,-2.016212,-9.523678,-2.287893,-35.062168,-39.615047,-42.366318,32.055305,-4.657516,4.765759,-32.031212,-10.362396,46.620869,-13.590646,10.052200,-33.618298,4.181482,8.189194,-24.093166
0,-1.976607,-9.527488,-2.306512,-55.491592,-10.490322,-57.053616,32.104191,-4.506271,4.647800,-31.830399,-10.623596,46.735245,-13.780402,10.098969,-33.548935,4.042506,8.274765,-24.096027
0,-1.933464,-9.517832,-2.381720,-64.586227,2.778621,-47.685951,32.161186,-4.385651,4.554543,-31.726009,-11.136795,46.726974,-13.905239,10.329102,-33.445381,3.949863,8.494492,-24.041946
0,-1.872772,-9.505307,-2.478279,-73.865967,45.842655,-61.842621,32.227146,-4.230911,4.485680,-31.679209,-11.788422,46.647690,-13.997375,10.596848,-33.336647,3.879099,8.768539,-23.960733
0,-1.800299,-9.500443,-2.549610,-82.028320,56.282135,-67.431572,32.301079,-4.017242,4.388149,-31.571039,-12.384064,46.607830,-14.128862,10.744324,-33.235260,3.776752,8.988373,-23.897388
0,-1.707419,-9.518561,-2.545920,-87.533211,56.823334,-69.734634,32.382683,-3.698837,4.271454,-31.350388,-12.711731,46.691074,-14.326408,10.585083,-33.191814,3.620747,9.037323,-23.902185
0,-1.564444,-9.534759,-2.576992,-102.489906,116.565353,-59.644955,32.473507,-3.182556,3.930645,-30.516266,-13.543747,46.925869,-14.888504,10.505493,-32.981743,3.186993,9.210953,-23.885794
0,-1.395824,-9.554628,-2.600145,-120.345512,143.927567,-54.819508,32.572662,-2.534866,3.495258,-29.472803,-14.429276,47.254612,-15.588903,10.353546,-32.725121,2.641142,9.368454,-23.879616
0,-1.285841,-9.537248,-2.717999,-136.468185,163.995834,-58.342865,32.645672,-2.090546,3.015205,-28.490341,-15.559525,47.444096,-16.254158,10.613602,-32.346603,2.128513,9.728699,-23.776468
0,-1.210865,-9.500395,-2.876855,-140.037689,152.160599,-74.169090,32.699081,-1.758667,2.566833,-27.624935,-16.736618,47.522705,-16.862316,11.061401,-31.923801,1.663494,10.169464,-23.625648
0,-1.077382,-9.485142,-2.978477,-149.991959,165.240860,-81.073906,32.746567,-1.192612,2.185429,-26.682476,-17.772736,47.651497,-17.516811,11.200027,-31.572033,1.148859,10.457520,-23.530535
0,-0.957939,-9.478808,-3.038838,-164.816116,174.097260,-70.583908,32.781441,-0.720718,1.912632,-25.960234,-18.488892,47.757114,-18.012358,11.201965,-31.331116,0.751810,10.631119,-23.469259
0,-0.851833,-9.469878,-3.097708,-156.699066,142.993591,-87.310555,32.809902,-0.312454,1.654427,-25.305620,-19.118698,47.838486,-18.462854,11.206146,-31.100586,0.388426,10.798615,-23.403498
0,-0.733296,-9.450996,-3.184487,-168.410553,161.116837,-100.251495,32.837196,0.175003,1.339634,-24.535240,-19.937714,47.894848,-18.980930,11.261688,-30.801994,-0.031498,11.023773,-23.300350
0,-0.548728,-9.445801,-3.236626,-208.135712,203.318222,-91.221107,32.844376,0.942139,0.913097,-23.433758,-20.777039,48.079849,-19.668316,11.034973,-30.479116,-0.605135,11.149292,-23.224026
0,-0.447045,-9.451466,-3.235730,-210.398270,137.184586,-110.886284,32.835594,1.451294,0.449453,-22.436344,-21.135696,48.360027,-20.269764,10.755249,-30.187927,-1.105587,11.139755,-23.198719
0,-0.358113,-9.453182,-3.241774,-245.263168,155.892319,-110.193710,32.824993,1.893494,-0.040745,-21.449623,-21.460541,48.640968,-20.870434,10.515900,-29.872587,-1.605259,11.146759,-23.158268
0,-0.167597,-9.442063,-3.289279,-250.931625,166.316147,-110.264557,32.768780,2.680710,-0.469337,-20.298462,-22.197266,48.779144,-21.513832,10.182663,-29.544498,-2.171059,11.211395,-23.063780
0,-0.068670,-9.451845,-3.264647,-240.242996,90.866173,-142.560684,32.725948,3.109497,-0.825699,-19.466049,-22.311432,49.005356,-21.972759,9.806961,-29.334581,-2.574409,11.120758,-23.057716
0,0.068121,-9.448452,-3.274464,-269.399658,141.513580,-120.280327,32.671459,3.668625,-1.224112,-18.579601,-22.675964,49.147903,-22.425255,9.430740,-29.092751,-2.993156,11.098373,-22.994856
0,0.204096,-9.432884,-3.313465,-295.317505,181.434082,-113.658134,32.583931,4.285660,-1.696415,-17.454659,-23.203201,49.270195,-22.993034,9.104858,-28.738527,-3.513241,11.120651,-22.889614
0,0.356887,-9.458492,-3.226383,-316.503479,120.481873,-116.936119,32.475533,4.912354,-2.210293,-16.368660,-23.051239,49.662899,-23.501762,8.334534,-28.523264,-4.010269,10.831863,-22.925171
0,0.615649,-9.442464,-3.234324,-319.862976,164.838440,-118.650383,32.290539,5.936569,-2.623684,-14.987358,-23.549042,49.847656,-24.125492,7.618057,-28.219633,-4.636387,10.678635,-22.863068
0,0.770537,-9.447630,-3.185682,-340.570587,87.706627,-133.534332,32.139275,6.562378,-3.052761,-13.863720,-23.515594,50.123795,-24.628971,6.930405,-27.952379,-5.148964,10.444366,-22.861118
0,0.985951,-9.414895,-3.222988,-335.924347,116.199440,-128.910400,31.945541,7.445465,-3.456738,-12.547768,-24.003479,50.218208,-25.197319,6.343048,-27.600222,-5.740807,10.343246,-22.759672
0,1.242054,-9.396255,-3.188682,-351.457703,64.013710,-133.365601,31.697632,8.419662,-3.933513,-11.113136,-24.100372,50.450241,-25.736244,5.372742,-27.285442,-6.373405,10.038727,-22.723982
0,1.573900,-9.356341,-3.159385,-356.079529,70.414299,-135.737000,31.298471,9.656326,-4.434608,-9.540157,-24.260971,50.674492,-26.224316,4.203049,-26.985481,-7.021816,9.660995,-22.673513
0,1.869411,-9.323310,-3.095350,-361.601624,43.110733,-171.747162,30.878269,10.740616,-4.970509,-8.032490,-24.081558,50.972237,-26.674480,3.003098,-26.671318,-7.638683,9.186401,-22.653820
0,2.177819,-9.246614,-3.123660,-355.955963,34.212944,-161.106339,30.367573,11.939606,-5.466815,-6.354576,-24.346725,51.072994,-27.158173,1.968475,-26.258953,-8.316307,8.866425,-22.531128
0,2.320566,-9.178553,-3.220115,-380.428772,26.561943,-160.566422,29.993202,12.662613,-5.988257,-4.939644,-24.755264,51.022163,-27.665741,1.528809,-25.734625,-8.914406,8.806458,-22.315098
0,2.530131,-9.137392,-3.179072,-399.820190,-9.918999,-161.253860,29.499817,13.501099,-6.640477,-3.360603,-24.421997,51.279110,-28.110489,0.476959,-25.254822,-9.540031,8.333923,-22.230698
0,2.763115,-9.064576,-3.193533,-406.883240,-30.891424,-162.137573,28.934052,14.438583,-7.211358,-1.612503,-24.295044,51.403343,-28.583595,-0.529083,-24.718338,-10.226280,7.919846,-22.084623
0,2.916760,-8.999198,-3.241441,-388.708069,-100.190727,-174.821106,28.399731,15.179291,-7.879589,0.114815,-24.213760,51.464294,-29.109642,-1.315887,-24.052238,-10.937790,7.614975,-21.866611
0,3.176497,-8.912045,-3.238104,-408.098022,-128.174835,-143.400055,27.538807,16.185867,-8.767181,2.268333,-23.748291,51.629665,-29.545311,-2.645355,-23.323244,-11.715683,7.015411,-21.643349
0,3.514226,-8.829201,-3.113749,-406.006714,-150.756836,-155.598816,26.631859,17.184982,-9.559053,4.207573,-22.549805,52.039379,-29.745010,-4.436890,-22.754124,-12.374428,6.058395,-21.574047
0,3.701411,-8.771365,-3.059855,-405.624878,-178.156586,-156.704712,25.840958,17.816986,-10.513647,6.218193,-21.533844,52.276382,-30.141609,-5.712692,-21.912031,-13.094086,5.326447,-21.348171
0,3.752090,-8.730509,-3.114486,-459.469543,-187.426361,-110.233307,24.948441,18.227951,-11.828987,8.709801,-20.879410,52.195415,-30.813568,-6.536942,-20.637712,-13.979431,4.836578,-20.848623
0,3.891460,-8.644930,-3.181468,-433.348083,-268.914520,-96.663139,23.827316,18.870132,-13.033419,11.289261,-20.183731,51.968113,-31.270172,-7.679077,-19.397583,-14.863045,4.243668,-20.323364
0,4.135451,-8.506016,-3.247421,-405.866760,-307.086792,-99.054253,22.522919,19.732391,-14.021608,13.736580,-19.380997,51.679184,-31.428879,-9.131638,-18.342302,-15.636208,3.510864,-19.847233
0,4.417492,-8.347462,-3.287196,-349.099457,-356.922668,-137.638199,21.232407,20.577087,-14.795152,15.836266,-18.387650,51.459953,-31.374992,-10.671310,-17.480663,-16.261703,2.688217,-19.463789
0,4.747716,-8.138556,-3.350087,-339.407318,-353.477325,-102.704185,19.889984,21.518814,-15.303915,17.710930,-17.435226,51.177906,-31.121620,-12.255890,-16.822725,-16.755035,1.840378,-19.138662
0,5.037728,-7.966003,-3.341270,-302.656006,-346.932190,-39.614719,18.734711,22.174377,-15.802693,19.131195,-16.151367,51.034843,-30.788757,-13.739166,-16.238737,-17.092606,0.942307,-18.900568
0,5.186724,-7.851951,-3.383012,-336.356873,-324.893341,-29.431087,17.753098,22.543976,-16.421318,20.599747,-15.171600,50.700413,-30.702126,-14.736557,-15.460207,-17.493004,0.306122,-18.527143
0,5.259410,-7.777882,-3.441391,-304.345612,-337.487640,-22.127346,16.884392,22.734787,-17.053783,22.072655,-14.273193,50.259121,-30.752541,-15.503342,-14.552486,-17.948357,-0.217285,-18.079916
0,5.276785,-7.734866,-3.511038,-296.296692,-343.244965,2.411225,16.168640,22.814148,-17.601856,23.417183,-13.537384,49.775902,-30.907036,-16.050369,-13.630877,-18.408836,-0.621277,-17.615450
0,5.370358,-7.647875,-3.559392,-234.883224,-393.259033,8.746688,15.314835,23.003647,-18.095102,24.588875,-12.615021,49.343761,-30.809853,-16.835999,-12.851538,-18.750908,-1.164459,-17.216103
0,5.413226,-7.606984,-3.582007,-181.052017,-443.986298,15.139760,14.529701,22.996490,-18.725304,25.735321,-11.572876,48.889088,-30.782494,-17.511017,-11.921574,-19.113640,-1.689987,-16.758654
0,5.371408,-7.638054,-3.578841,-158.444000,-423.225891,-1.513770,13.987831,22.755402,-19.438490,26.724083,-10.701263,48.459969,-30.913345,-17.851929,-10.961674,-19.453369,-2.037567,-16.295603
0,5.331716,-7.685030,-3.537391,-175.028656,-370.295532,8.698527,13.630630,22.463150,-20.070559,27.368004,-9.926422,48.189602,-30.987312,-18.084106,-10.224562,-19.675011,-2.307495,-15.956397
0,5.331283,-7.744185,-3.406615,-151.489746,-342.621948,9.426657,13.404022,22.040405,-20.717016,27.612907,-8.803146,48.132603,-30.935020,-18.413849,-9.610362,-19.769432,-2.693039,-15.741408
0,5.405900,-7.734274,-3.310174,-82.248650,-382.918243,10.967544,13.001732,21.837585,-21.203506,27.865417,-7.670609,48.009876,-30.699615,-18.962570,-9.111469,-19.818558,-3.179459,-15.551288
0,5.458844,-7.735005,-3.220359,-86.005165,-336.483398,8.660336,12.723412,21.613235,-21.596399,28.065849,-6.702530,47.913776,-30.529068,-19.379936,-8.680865,-19.865479,-3.572784,-15.391577
0,5.477597,-7.753511,-3.143087,-65.784431,-309.724487,-12.990431,12.507553,21.355011,-21.980331,28.276688,-5.885117,47.771126,-30.445099,-19.654083,-8.231675,-19.938705,-3.868271,-15.210425
0,5.487807,-7.761211,-3.106053,-63.743496,-267.613190,-12.992089,12.322617,21.207962,-22.247669,28.508553,-5.367432,47.611404,-30.400223,-19.825577,-7.906527,-19.997650,-4.054825,-15.063708
0,5.483409,-7.794138,-3.030451,-77.324051,-207.479156,-3.675698,12.241463,20.956604,-22.562147,28.651100,-4.779526,47.544846,-30.407532,-19.925682,-7.588160,-20.023438,-4.236740,-14.953890
0,5.453461,-7.845542,-2.950802,-78.991043,-185.572571,17.151899,12.210709,20.639053,-22.875006,28.890892,-4.235229,47.411228,-30.465164,-19.954254,-7.221260,-20.085526,-4.377487,-14.818244
0,5.527205,-7.817619,-2.887012,-63.991714,-174.796997,9.101379,11.963707,20.562027,-23.079517,29.044739,-3.560074,47.353764,-30.244324,-20.311676,-7.038276,-20.036728,-4.691467,-14.763307
0,5.501945,-7.843665,-2.864529,-73.329231,-134.059647,6.779139,11.844948,20.385605,-23.280071,29.420540,-3.234955,47.128963,-30.323990,-20.331635,-6.694975,-20.120621,-4.791412,-14.603901
0,5.477391,-7.871406,-2.835341,-74.332130,-117.178963,5.209288,11.711502,20.184021,-23.503283,29.840439,-2.851212,46.883141,-30.401047,-20.359894,-6.321382,-20.206100,-4.909248,-14.432185
0,5.485491,-7.874559,-2.810820,-62.670185,-103.230453,3.046289,11.545876,20.057831,-23.666574,30.208328,-2.424179,46.665527,-30.401474,-20.489487,-6.011987,-20.258560,-5.081902,-14.291692
0,5.471298,-7.883692,-2.812879,-51.733723,-81.397850,-2.923446,11.430061,19.974915,-23.767982,30.547501,-2.224045,46.434097,-30.462112,-20.514091,-5.753767,-20.328629,-5.153549,-14.159115
0,5.463094,-7.886811,-2.820072,-36.159008,-66.921692,1.310174,11.285156,19.929092,-23.874485,30.846634,-2.084846,46.238304,-30.490112,-20.542038,-5.550686,-20.373398,-5.210831,-14.048806
0,5.414769,-7.898204,-2.880738,-23.772116,-42.196495,-0.588868,11.186501,19.960037,-23.887468,31.221786,-2.312706,46.002773,-30.625931,-20.415970,-5.381183,-20.487671,-5.109230,-13.919971
0,5.439928,-7.864647,-2.924811,26.231306,27.159365,-0.432349,10.940781,20.085983,-23.903803,31.624321,-2.262146,45.982018,-30.610229,-20.529793,-5.305647,-20.522644,-5.177689,-13.866558
0,5.499848,-7.845690,-2.863008,40.498081,29.875858,-1.479866,10.932648,20.043594,-23.953783,31.418671,-1.876442,46.155071,-30.468628,-20.719917,-5.375252,-20.412704,-5.352875,-13.949733
0,5.600943,-7.804058,-2.779591,55.823593,33.685719,-7.520957,10.931602,20.036850,-23.962074,31.064774,-1.338348,46.430798,-30.222961,-21.040382,-5.532346,-20.239365,-5.619591,-14.095368
0,5.761514,-7.714114,-2.701370,75.039940,39.896275,-7.425066,10.883415,20.178741,-23.858635,30.547752,-0.748047,46.806721,-29.802017,-21.543495,-5.856972,-19.985001,-5.970879,-14.323861
0,5.877092,-7.640498,-2.661312,81.012184,55.943768,-5.364921,10.860046,20.342346,-23.721390,30.135338,-0.443283,47.090771,-29.489090,-21.886955,-6.155644,-19.794403,-6.184731,-14.510715
0,5.868177,-7.643578,-2.672119,82.920540,73.606621,-6.781241,11.024406,20.429947,-23.578447,29.860054,-0.762299,47.255638,-29.522156,-21.768173,-6.402802,-19.744370,-6.052704,-14.633838
0,5.926117,-7.602745,-2.660715,83.455124,92.668823,-19.324184,11.161942,20.612045,-23.358221,29.369492,-0.923172,47.548840,-29.345123,-21.853554,-6.824591,-19.584198,-6.037575,-14.858073
0,5.943830,-7.572414,-2.707291,80.030739,122.824142,-13.012469,11.296043,20.856476,-23.066298,29.064865,-1.395187,47.709549,-29.300385,-21.787773,-7.216475,-19.507736,-5.885399,-15.029123
0,6.005242,-7.540543,-2.660316,92.388130,125.300713,-18.420408,11.490509,20.969696,-22.853424,28.470848,-1.435959,48.054714,-29.100769,-21.884087,-7.638247,-19.321777,-5.904724,-15.277044
0,6.054359,-7.523627,-2.596107,84.324623,169.420807,-7.654130,11.841827,21.076202,-22.567198,27.669830,-1.612030,48.524540,-28.946503,-21.872757,-8.208561,-19.079132,-5.846634,-15.614223
0,5.966688,-7.593022,-2.597046,90.278267,198.699188,-2.017186,12.326019,21.056000,-22.350626,27.192093,-2.331833,48.771587,-29.202553,-21.386101,-8.592333,-19.024422,-5.465363,-15.810781
0,5.893477,-7.646941,-2.605997,105.181770,219.828125,-5.317887,12.829422,21.084152,-22.024639,26.657883,-3.072647,48.985481,-29.403763,-20.938980,-9.036438,-18.950760,-5.094543,-16.030386
0,5.747407,-7.741701,-2.652051,115.405533,252.050476,5.598397,13.509178,21.068207,-21.610737,26.105179,-4.188812,49.150486,-29.840286,-20.186943,-9.483979,-18.937607,-4.518875,-16.233183
0,5.647781,-7.797018,-2.703531,113.324417,284.349640,4.494038,14.059357,21.132690,-21.174654,25.580612,-5.193542,49.328400,-30.132172,-19.593201,-9.963454,-18.876984,-4.041077,-16.446707
0,5.537951,-7.885571,-2.673733,98.662521,339.564270,6.988791,14.781670,21.002640,-20.788113,24.740089,-5.978149,49.704216,-30.403900,-18.946457,-10.515891,-18.712006,-3.594162,-16.751677
0,5.336233,-8.036570,-2.634039,102.516327,390.174561,-21.138901,15.655243,20.625244,-20.485334,23.993225,-6.824066,50.018295,-30.876823,-18.017578,-10.918447,-18.621681,-3.019501,-16.990410
0,5.077591,-8.184964,-2.687829,86.719749,445.201538,-16.488317,16.480888,20.300934,-20.124687,23.503426,-8.147888,50.142349,-31.455925,-16.843582,-11.280292,-18.616982,-2.230667,-17.141054
0,4.806446,-8.274114,-2.904672,120.181717,467.526398,-6.575740,17.197044,20.306305,-19.560432,23.120956,-10.343033,50.042831,-32.013908,-15.451019,-11.790045,-18.637947,-1.139145,-17.234974
0,4.743448,-8.281023,-2.987366,179.807541,409.453094,-8.904357,17.684669,20.458130,-19.024572,22.326660,-11.566193,50.276630,-32.043259,-14.832855,-12.499730,-18.414261,-0.596970,-17.508808
0,4.605636,-8.339683,-3.039376,209.365128,387.401215,-13.470572,18.409058,20.347717,-18.452759,21.322418,-12.853149,50.550316,-32.182533,-13.912201,-13.228609,-18.144386,0.073990,-17.813089
0,4.487317,-8.376224,-3.114944,214.502808,393.793762,-10.466701,19.080681,20.304138,-17.811872,20.341110,-14.194839,50.696606,-32.257889,-13.024551,-13.970857,-17.852112,0.736923,-18.094868
0,4.441042,-8.379915,-3.170830,226.003555,376.633850,-0.612793,19.683380,20.373260,-17.111948,19.214363,-15.352600,50.927319,-32.171288,-12.337189,-14.829350,-17.473167,1.269470,-18.434874
0,4.442556,-8.397654,-3.121394,250.642761,345.113556,20.639633,20.395195,20.320602,-16.309816,17.625450,-16.092865,51.395123,-31.864487,-11.819122,-15.912078,-16.904083,1.638885,-18.943731
0,4.510364,-8.387739,-3.049989,330.590851,283.415833,30.825441,21.043327,20.372467,-15.353889,15.885658,-16.639206,51.904285,-31.399506,-11.503143,-17.099997,-16.274902,1.890564,-19.507341
0,4.561026,-8.366389,-3.033244,366.830841,272.740784,43.733826,21.674210,20.480286,-14.261181,14.178238,-17.501404,52.201572,-30.948563,-11.036865,-18.279673,-15.660759,2.272308,-20.010965
0,4.507014,-8.394245,-3.037018,361.876678,267.425751,64.162704,22.488052,20.333679,-13.155395,12.354935,-18.568802,52.383324,-30.647598,-10.158554,-19.382126,-15.039108,2.851974,-20.455105
0,4.349025,-8.480302,-3.028277,341.726196,306.823639,83.726059,23.479012,19.848389,-12.154253,10.377586,-19.578461,52.507343,-30.444748,-8.967804,-20.372887,-14.386276,3.534637,-20.846355
0,4.198855,-8.550442,-3.042954,324.227478,341.879639,98.715851,24.349625,19.372269,-11.178151,8.565285,-20.571472,52.497643,-30.202934,-7.815979,-21.278847,-13.754326,4.195618,-21.169920
0,3.930118,-8.670465,-3.062223,310.132935,311.867859,182.910934,25.452347,18.538895,-10.152359,6.337021,-21.623016,52.386723,-29.973991,-6.249527,-22.178675,-13.016403,5.025696,-21.473873
0,3.568211,-8.797015,-3.143311,328.760651,237.944962,197.893555,26.607437,17.454315,-9.126773,4.003166,-22.884338,52.116436,-29.764107,-4.317535,-22.972900,-12.263596,6.050568,-21.680569
0,3.297284,-8.894380,-3.165111,313.344574,224.232727,208.541183,27.541176,16.504272,-8.213864,1.894234,-23.625351,51.928295,-29.378441,-2.887512,-23.726416,-11.519783,6.764191,-21.903637
0,2.970103,-8.981991,-3.240730,357.125122,172.781158,185.197586,28.446308,15.401459,-7.355853,-0.221169,-24.468613,51.581955,-29.014862,-1.229828,-24.351482,-10.778488,7.590256,-22.026947
0,2.710110,-9.058808,-3.254734,359.772461,137.564423,201.961121,29.147976,14.403900,-6.631322,-2.103210,-24.835999,51.390945,-28.577126,0.005890,-24.930891,-10.072479,8.134644,-22.179956
0,2.467377,-9.135260,-3.234051,366.425873,46.203594,220.229965,29.656715,13.431366,-6.201223,-3.793350,-24.902802,51.311001,-28.082962,1.001389,-25.417946,-9.383804,8.532913,-22.304188
0,2.139957,-9.183758,-3.328539,372.881470,20.095102,215.301331,30.276329,12.297836,-5.586255,-5.559364,-25.440186,50.896873,-27.656914,2.492233,-25.793350,-8.706146,9.210907,-22.310722
0,1.546561,-9.277455,-3.396612,379.941284,-87.475548,200.290833,31.272068,9.893188,-3.936329,-9.964211,-25.714264,50.166054,-26.109299,5.047653,-26.983433,-6.893364,10.253845,-22.520725
0,1.116683,-9.319896,-3.448559,399.209290,-273.994629,197.076370,31.822920,8.155701,-3.105394,-12.581497,-25.575729,49.592255,-25.075630,6.677460,-27.573124,-5.725990,10.815353,-22.559275
0,0.863130,-9.355127,-3.425871,365.623505,-167.953842,194.314056,32.094959,7.059067,-2.578354,-14.264469,-25.119324,49.391747,-24.326458,7.457138,-28.014317,-4.958958,11.008987,-22.651047
0,0.599085,-9.378290,-3.418885,354.522583,-214.125778,191.350845,32.311378,5.967911,-2.103962,-15.808998,-24.646118,49.164413,-23.624527,8.237778,-28.368969,-4.249146,11.197464,-22.711052
0,0.421993,-9.407739,-3.363981,358.146912,-241.382141,184.668411,32.450729,5.128845,-1.511484,-17.262398,-24.012726,48.988853,-22.882454,8.673355,-28.837578,-3.553295,11.197617,-22.841583
0,0.222135,-9.448358,-3.267905,329.279388,-277.739441,160.317429,32.561195,4.238953,-0.911552,-18.714638,-23.069656,48.900600,-22.135536,9.005280,-29.324385,-2.855366,11.068436,-23.020731
0,0.051961,-9.479709,-3.183146,306.559998,-279.848602,164.316711,32.640842,3.481262,-0.344189,-20.014965,-22.225647,48.752232,-21.411060,9.247177,-29.776110,-2.205959,10.926819,-23.167061
0,-0.103489,-9.512686,-3.081898,251.762787,-241.076553,171.173676,32.688606,2.776642,0.271320,-21.287895,-21.290924,48.616653,-20.674599,9.391174,-30.256338,-1.559273,10.715286,-23.330410
0,-0.322807,-9.574150,-2.869048,240.355515,-322.363312,114.433357,32.689468,1.870285,0.881413,-22.679569,-19.606262,48.625023,-19.817616,9.228577,-30.839611,-0.822746,10.228409,-23.595795
0,-0.484789,-9.626633,-2.663255,177.025406,-302.086090,103.588295,32.663879,1.227127,1.377800,-23.719231,-18.090958,48.680252,-19.151875,8.923477,-31.327339,-0.260860,9.724594,-23.830816
0,-0.635641,-9.660185,-2.505351,137.360367,-248.690887,86.471062,32.634811,0.680267,1.735146,-24.487526,-16.870331,48.737946,-18.655704,8.721008,-31.675146,0.162323,9.321899,-24.000935
0,-0.756698,-9.699662,-2.311700,124.334763,-253.776703,50.351814,32.598656,0.271103,1.996914,-25.008652,-15.573898,48.892082,-18.288609,8.304169,-31.983644,0.468430,8.829620,-24.190220
0,-0.845047,-9.722267,-2.182525,89.064911,-244.831619,26.565718,32.575233,-0.001740,2.091621,-25.243645,-14.715942,49.047371,-18.111118,8.026901,-32.141186,0.620213,8.502792,-24.308643
0,-0.922719,-9.738597,-2.075652,57.656212,-223.632553,7.553323,32.565647,-0.220306,2.063515,-25.263031,-14.031525,49.240841,-18.070415,7.793976,-32.204788,0.662437,8.239899,-24.401403
0,-0.970194,-9.750425,-1.996978,44.532974,-190.958298,-16.568769,32.569221,-0.345520,1.969608,-25.166218,-13.568893,49.437325,-18.114567,7.602402,-32.212605,0.633579,8.056793,-24.467119
0,-0.996223,-9.758202,-1.945521,26.579454,-181.601364,-25.043056,32.583096,-0.390808,1.796951,-24.921726,-13.308929,49.651295,-18.265038,7.467911,-32.151730,0.519176,7.949081,-24.510521
0,-0.988564,-9.763798,-1.921193,-0.041501,-170.827499,-30.492023,32.604546,-0.322388,1.586914,-24.584743,-13.270004,49.865582,-18.486671,7.374420,-32.051147,0.345234,7.910858,-24.533005
0,-0.996007,-9.773553,-1.866984,-10.390525,-155.438843,-30.208740,32.624134,-0.318405,1.417805,-24.302544,-13.032700,50.080128,-18.662796,7.205490,-31.988022,0.207382,7.797882,-24.577831
0,-1.001823,-9.774779,-1.857427,-20.636742,-112.685669,-45.972500,32.649437,-0.324341,1.304050,-24.099072,-13.008026,50.199158,-18.800121,7.195648,-31.924923,0.103859,7.785507,-24.588047
0,-0.986475,-9.777229,-1.852741,-29.905247,-105.421951,-44.315247,32.676441,-0.264389,1.225632,-23.927624,-13.044250,50.280102,-18.920673,7.160873,-31.876890,0.008514,7.781921,-24.595041
0,-0.974222,-9.783257,-1.827238,-37.305859,-89.660851,-42.876762,32.702133,-0.223328,1.165268,-23.788136,-12.964737,50.376781,-19.015884,7.062897,-31.856398,-0.066784,7.725510,-24.617453
0,-0.934015,-9.797142,-1.773031,-32.839520,-92.598381,-46.193863,32.720528,-0.079926,1.075882,-23.556107,-12.811722,50.523655,-19.159691,6.812531,-31.834761,-0.188099,7.598953,-24.660263
0,-0.912958,-9.806179,-1.733596,-26.058022,-100.781197,-43.272915,32.731411,0.007370,0.921583,-23.256535,-12.698410,50.687050,-19.344482,6.645432,-31.764656,-0.337799,7.513748,-24.687130
0,-0.909662,-9.811909,-1.702636,-23.438986,-105.572227,-42.975418,32.734699,0.041214,0.761887,-22.973568,-12.583038,50.833687,-19.518002,6.540375,-31.684132,-0.474899,7.448334,-24.705107
0,-0.936828,-9.813907,-1.676182,-25.976847,-121.929863,-23.228407,32.744022,-0.087753,0.730335,-22.894981,-12.371231,50.846428,-19.536766,6.532608,-31.686998,-0.474792,7.378311,-24.707573
0,-0.979273,-9.810793,-1.670140,-17.528294,-90.140350,-26.850672,32.737667,-0.223618,0.593464,-22.704826,-12.274185,50.945877,-19.649704,6.599136,-31.605555,-0.553516,7.379944,-24.705330
0,-1.012516,-9.803806,-1.691210,-8.006065,-76.269661,-16.117931,32.729698,-0.328629,0.507727,-22.589634,-12.325470,50.975716,-19.720238,6.737091,-31.536036,-0.600292,7.443176,-24.685341
0,-1.032980,-9.797485,-1.715298,-10.448626,-48.792343,-9.938844,32.724136,-0.393829,0.458191,-22.521275,-12.415512,50.984161,-19.763996,6.861572,-31.487946,-0.628208,7.509262,-24.665438
0,-1.041567,-9.795164,-1.723336,-2.731330,-46.146244,-2.825926,32.719612,-0.425278,0.441921,-22.486839,-12.443817,50.985771,-19.781914,6.905685,-31.469048,-0.639896,7.533203,-24.658560
0,-1.040431,-9.796080,-1.718815,0.949134,-43.189053,6.817392,32.717430,-0.433472,0.459602,-22.498482,-12.419891,50.986408,-19.772404,6.889343,-31.480938,-0.632278,7.524048,-24.663618
0,-1.044786,-9.796924,-1.711347,-0.055928,-29.808916,11.123206,32.714909,-0.460907,0.483360,-22.523029,-12.365891,50.990898,-19.757969,6.875549,-31.497253,-0.619411,7.507935,-24.672226
0,-1.048381,-9.797434,-1.706220,5.794627,-26.784489,12.251273,32.713554,-0.491714,0.516752,-22.566189,-12.318237,50.983021,-19.733723,6.866470,-31.517841,-0.599194,7.498428,-24.679266
0,-0.935440,-9.820949,-1.635216,0.156976,30.397446,11.064628,32.732738,-0.242096,0.957031,-22.966583,-12.112152,50.809219,-19.458607,6.419952,-31.803337,-0.408829,7.294662,-24.755535
0,-0.907168,-9.821475,-1.647930,1.040896,32.437733,12.422235,32.730701,-0.134872,0.910950,-22.888035,-12.251846,50.815907,-19.509132,6.401581,-31.771112,-0.455746,7.326096,-24.743523
0,-0.857766,-9.811956,-1.729087,-0.221780,-26.054079,-18.515297,32.708981,0.097107,0.963202,-23.074322,-12.749634,50.542381,-19.404190,6.527908,-31.755789,-0.391293,7.499252,-24.668764
0,-0.879344,-9.811396,-1.721416,-0.247772,-25.822155,-17.843851,32.711670,0.026047,0.969193,-23.095184,-12.660828,50.554493,-19.395348,6.545792,-31.760044,-0.379440,7.482162,-24.676920
0,-0.896373,-9.811882,-1.709822,-0.605481,-29.189760,-12.228894,32.714348,-0.031952,0.968832,-23.100864,-12.566086,50.579315,-19.393528,6.541046,-31.764219,-0.374496,7.456879,-24.687988
0,-0.940266,-9.821676,-1.628059,-4.328927,-25.826250,-5.595831,32.717579,-0.200409,0.996065,-23.144981,-12.061340,50.710609,-19.354607,6.358917,-31.830084,-0.335888,7.266373,-24.756351
