0,1.949266,-8.599239,-4.717355,-27.561783,6.062843,-9.701277,24.802025,16.891876,-14.334860,13.231010,-28.548409,45.320545,-33.621765,-1.157288,-15.268101,-16.471664,9.346786,-16.783964
0,1.945266,-8.590219,-4.735406,-25.878235,2.807476,-13.199054,24.770500,16.927170,-14.341682,13.306221,-28.620827,45.249256,-33.641563,-1.149002,-15.209509,-16.506111,9.368530,-16.740421
0,1.943293,-8.582570,-4.750064,-32.837784,4.380768,-16.011808,24.726868,16.964615,-14.364418,13.407120,-28.666290,45.184063,-33.660095,-1.165268,-15.135923,-16.550064,9.376846,-16.693670
0,1.935228,-8.572872,-4.770823,-34.978664,3.451402,-17.545612,24.677734,17.002533,-14.393068,13.536827,-28.737251,45.086681,-33.690170,-1.162781,-15.036766,-16.602760,9.397888,-16.630766
0,1.919474,-8.566126,-4.789270,-39.461094,4.438783,-17.688509,24.630341,17.020477,-14.442148,13.672241,-28.800713,44.993118,-33.725868,-1.145767,-14.919107,-16.657112,9.423157,-16.563213
0,1.892797,-8.564461,-4.802847,-40.357803,1.917627,-19.582407,24.592537,17.005005,-14.515703,13.808601,-28.849976,44.906094,-33.766121,-1.106552,-14.783056,-16.708832,9.454559,-16.495090
0,1.864319,-8.564820,-4.813332,-40.324364,1.053613,-21.176136,24.557625,16.982559,-14.598362,13.932457,-28.892876,44.831474,-33.802452,-1.067520,-14.646729,-16.757057,9.484238,-16.429724
0,1.828641,-8.568769,-4.819987,-33.969826,-2.414185,-25.088850,24.544136,16.928116,-14.680750,14.027565,-28.927094,44.766380,-33.841209,-1.001892,-14.517170,-16.794579,9.522079,-16.369526
0,1.807150,-8.571781,-4.822735,-28.788443,-0.925414,-27.606510,24.525291,16.900101,-14.747427,14.111900,-28.938599,44.723301,-33.862015,-0.979141,-14.418209,-16.826256,9.537292,-16.324816
0,1.785759,-8.572234,-4.829893,-22.285534,-5.769821,-29.351973,24.513702,16.879059,-14.797548,14.173996,-28.979507,44.667366,-33.877350,-0.941223,-14.330616,-16.849594,9.565063,-16.281649
0,1.766503,-8.571394,-4.838459,-13.402432,-8.637309,-29.219568,24.497681,16.871063,-14.846745,14.220741,-29.026794,44.608238,-33.889771,-0.910553,-14.245325,-16.872452,9.591873,-16.239342
0,1.748220,-8.573321,-4.841681,-4.067703,-16.864592,-25.389709,24.489929,16.853027,-14.895151,14.245995,-29.049408,44.567307,-33.901344,-0.882629,-14.174875,-16.887360,9.609726,-16.209547
0,1.775341,-8.515303,-4.933333,14.711884,58.113995,9.837031,24.350929,17.236313,-14.828360,14.603569,-29.451981,44.251781,-34.057747,-0.752716,-14.102760,-16.926254,9.630112,-16.197086
0,1.810494,-8.490194,-4.963740,28.626394,65.800423,9.435221,24.403748,17.344360,-14.634134,14.506416,-29.616829,44.204704,-33.990654,-0.678467,-14.197638,-16.852501,9.661453,-16.272060
0,1.827491,-8.461755,-5.005895,41.013252,67.526657,5.716621,24.501717,17.417465,-14.390730,14.387596,-29.831413,44.107124,-33.990639,-0.530334,-14.263294,-16.804115,9.721115,-16.315332
0,1.841261,-8.438016,-5.040798,46.951431,71.835526,9.995683,24.664719,17.470322,-14.081305,14.151184,-30.029999,44.042767,-34.026802,-0.353516,-14.411577,-16.741753,9.776520,-16.375504
0,1.842557,-8.404575,-5.095890,69.694511,43.412518,2.360608,24.754204,17.613770,-13.809448,14.064018,-30.283051,43.827873,-34.103470,-0.188431,-14.408449,-16.744019,9.832840,-16.393343
0,1.840772,-8.372009,-5.149856,85.698631,30.651686,-1.894018,24.812019,17.791580,-13.590496,14.001083,-30.542778,43.611485,-34.205521,-0.032822,-14.409002,-16.749397,9.878860,-16.407261
0,1.833443,-8.350087,-5.187921,100.056984,26.757368,-6.607821,24.831268,17.937149,-13.482340,13.920670,-30.766449,43.465870,-34.280861,0.122055,-14.460690,-16.709740,9.923126,-16.423929
0,1.822146,-8.339016,-5.209664,108.873367,29.643885,-7.456882,24.810966,18.022415,-13.485199,13.888870,-30.932442,43.386852,-34.338112,0.255402,-14.532829,-16.652039,9.955200,-16.427483
0,1.807494,-8.338464,-5.215649,132.481689,30.329155,-14.405627,24.808167,18.015610,-13.519091,13.780983,-31.078735,43.380333,-34.322693,0.372223,-14.656712,-16.562408,10.017410,-16.450720
0,1.800508,-8.348270,-5.202361,138.994400,36.172497,-13.286633,24.841507,17.953262,-13.522568,13.607948,-31.152489,43.451782,-34.262802,0.432968,-14.818834,-16.464798,10.062057,-16.508783
0,1.763052,-8.360718,-5.195194,133.987259,66.086617,-2.700626,24.932373,17.792542,-13.526222,13.391449,-31.311142,43.504406,-34.202347,0.601410,-14.960350,-16.347595,10.186249,-16.541460
0,1.730048,-8.381854,-5.172181,156.998093,77.802567,6.740868,25.123413,17.568390,-13.432693,12.931557,-31.469528,43.672325,-34.054192,0.807632,-15.245117,-16.152687,10.343781,-16.645119
0,1.777128,-8.386198,-5.149127,150.704224,118.859177,27.054186,25.335953,17.540939,-13.082170,12.332657,-31.629143,43.905338,-33.843185,0.908356,-15.732286,-15.890854,10.391479,-16.866842
0,1.886949,-8.400911,-5.085678,195.505157,80.201912,39.793556,25.757919,17.479279,-12.394938,11.093254,-31.591042,44.347172,-33.444023,1.046021,-16.638557,-15.394073,10.401520,-17.318050
0,1.905114,-8.343949,-5.171948,185.079636,84.565102,68.604111,26.223694,17.429337,-11.527414,9.690498,-32.359795,44.110935,-33.075119,1.697617,-17.355616,-14.884911,10.823700,-17.486538
0,1.960644,-8.262922,-5.280151,163.631470,117.018883,110.153900,26.518623,17.516922,-10.714678,8.648674,-33.150665,43.725018,-32.736183,2.183929,-17.952051,-14.486717,11.205048,-17.569584
0,2.010709,-8.192820,-5.369800,212.677261,85.955017,134.640839,26.823936,17.500580,-9.932947,7.521164,-33.864120,43.366062,-32.336777,2.671585,-18.570303,-14.058151,11.598511,-17.662634
0,2.012840,-8.184746,-5.381302,321.770111,-31.316589,96.525307,27.282913,17.177200,-9.216846,5.948227,-34.194862,43.252071,-31.833275,3.241364,-19.282436,-13.483795,11.940842,-17.877747
0,2.031213,-8.183030,-5.377006,372.835846,-81.933105,92.144630,27.717602,16.875290,-8.483973,4.358559,-34.407700,43.165714,-31.315430,3.747803,-20.001175,-12.900551,12.210632,-18.115059
0,1.978767,-8.240317,-5.308638,379.109497,-89.375443,102.456375,28.278957,16.222305,-7.876308,2.443161,-34.277603,43.324799,-30.721283,4.369507,-20.750185,-12.190720,12.457260,-18.433111
0,1.900270,-8.315600,-5.219173,352.292999,-68.943031,126.787720,28.838871,15.470169,-7.321915,0.548172,-34.002434,43.543625,-30.109825,4.985062,-21.472292,-11.460709,12.658096,-18.763266
0,1.873407,-8.358017,-5.160805,323.539368,-37.425678,115.080582,29.264545,14.948883,-6.697781,-1.048332,-33.876457,43.617855,-29.528770,5.468506,-22.155052,-10.814194,12.821381,-19.034441
0,1.808603,-8.399468,-5.116433,344.618958,-54.391857,91.121735,29.679390,14.272888,-6.173878,-2.636032,-33.815964,43.668674,-28.909912,6.014175,-22.770609,-10.169014,13.074814,-19.244007
0,1.627148,-8.490026,-5.027112,300.210968,-66.050293,68.618507,30.350899,12.840393,-5.528217,-5.204060,-33.460037,43.846325,-27.878811,6.949112,-23.657795,-9.103252,13.513855,-19.539391
0,1.536271,-8.499609,-5.039495,358.894745,-134.683655,60.522991,30.705009,12.258423,-4.955479,-6.495712,-33.588585,43.642403,-27.414307,7.687210,-24.066408,-8.503326,13.733856,-19.637249
0,1.499024,-8.492151,-5.063231,321.066223,-86.028442,72.858635,30.937443,11.882065,-4.424175,-7.379166,-33.801750,43.390930,-27.030815,8.230728,-24.411640,-8.037354,13.906860,-19.694254
0,1.410469,-8.525089,-5.033233,335.270172,-155.790375,71.113319,31.141968,11.318939,-4.202869,-8.101017,-33.614815,43.390034,-26.691605,8.602127,-24.654942,-7.653915,13.999771,-19.781597
0,1.325664,-8.569291,-4.980950,328.922028,-161.030945,110.897423,31.343933,10.740128,-3.956322,-8.856510,-33.298454,43.458706,-26.324600,8.928299,-24.950033,-7.238853,14.028931,-19.911327
0,1.416760,-8.598927,-4.904205,308.512512,-139.219955,114.227867,31.370567,10.779587,-3.549625,-9.158234,-33.060669,43.552231,-26.031410,8.743256,-25.372986,-6.990211,13.846313,-20.111385
0,1.441737,-8.652452,-4.801715,285.035461,-164.537521,118.605148,31.414150,10.640167,-3.372211,-9.328243,-32.588799,43.820415,-25.825562,8.566818,-25.676407,-6.794952,13.632492,-20.311749
0,1.410270,-8.690783,-4.741459,304.667358,-201.900711,93.159149,31.532000,10.275528,-3.104057,-9.904881,-32.248459,43.885574,-25.475540,8.679321,-25.979111,-6.461758,13.596893,-20.442165
0,1.508994,-8.712240,-4.671168,292.936432,-177.950317,79.822273,31.510654,10.370201,-2.773827,-10.147217,-32.023926,43.946068,-25.191280,8.410301,-26.335997,-6.276508,13.446159,-20.595987
0,1.631259,-8.739781,-4.577686,299.731506,-185.268097,54.832203,31.502613,10.514908,-2.301308,-10.727695,-31.746475,44.001236,-24.759224,8.072311,-26.827894,-5.989014,13.263489,-20.804482
0,1.827350,-8.738359,-4.505760,244.974045,-85.479027,129.109726,31.416647,10.953316,-1.714203,-11.076408,-31.689438,43.946381,-24.380013,7.664650,-27.322126,-5.768646,13.067360,-20.986721
0,1.956662,-8.768209,-4.392037,217.162903,-140.452499,104.234634,31.329308,11.176682,-1.408699,-11.184875,-31.233910,43.992432,-24.080555,7.139130,-27.676716,-5.627251,12.796249,-21.168335
0,2.042578,-8.778293,-4.332373,209.361420,-176.079010,143.791382,31.320381,11.259094,-0.944237,-11.761253,-31.018654,43.794708,-23.660805,6.956436,-28.043306,-5.342770,12.703217,-21.280098
0,2.108303,-8.835693,-4.181576,184.162247,-139.411728,153.139740,31.351210,11.273827,-0.529915,-12.542250,-30.380104,43.949360,-23.200830,6.612267,-28.520229,-4.975931,12.400795,-21.535339
0,2.342184,-8.872443,-3.974157,144.025909,-89.853195,129.193283,31.170502,11.917175,-0.104095,-12.880724,-29.790024,44.275642,-22.807688,5.696938,-29.072714,-4.781034,11.865952,-21.874043
0,2.631407,-8.949682,-3.602621,145.690933,-123.410858,94.303474,30.896660,12.751480,0.123295,-13.229362,-28.533470,45.089905,-22.340591,4.119492,-29.723068,-4.595493,10.934128,-22.402832
0,2.751115,-9.022301,-3.321063,103.012360,-111.373528,95.346382,30.759171,13.202423,-0.055779,-13.226252,-27.347633,45.840191,-22.235437,2.983994,-29.950487,-4.594927,10.182564,-22.756218
0,2.720042,-9.107489,-3.107252,135.160812,-105.763229,72.616447,30.855164,13.037285,-0.128075,-13.806599,-26.287544,46.410450,-22.025608,2.499771,-30.178492,-4.376604,9.722115,-23.015285
0,2.821942,-9.143352,-2.904438,104.500725,-61.524387,103.581276,30.760612,13.360550,-0.164982,-14.072990,-25.466919,46.865253,-21.846096,1.724129,-30.389687,-4.293022,9.212212,-23.249672
0,2.805124,-9.178785,-2.807344,96.307411,-75.169151,78.060356,30.809994,13.354393,-0.251366,-14.393179,-24.965927,47.127262,-21.810984,1.485077,-30.449923,-4.232594,8.975235,-23.363197
0,2.692088,-9.238981,-2.719172,84.944290,-139.470566,55.057980,30.977016,13.047935,-0.497200,-14.729231,-24.305153,47.459282,-21.897993,1.426285,-30.405178,-4.203009,8.775650,-23.455498
0,2.682609,-9.287936,-2.556921,63.499332,-105.128166,17.681238,31.010931,13.031883,-0.730770,-14.909952,-23.464218,47.926384,-21.908594,0.942581,-30.440929,-4.188967,8.364418,-23.617382
0,2.750730,-9.359261,-2.199486,62.355122,-143.795502,20.096556,30.965033,13.309204,-1.033760,-15.162062,-21.868980,48.731396,-21.785192,-0.296738,-30.578960,-4.112427,7.405891,-23.954475
0,2.864578,-9.388891,-1.908641,44.127289,-78.993523,34.020416,30.866091,13.733856,-1.139328,-15.590670,-20.763878,49.270557,-21.528318,-1.387917,-30.763964,-3.971279,6.633476,-24.217068
0,2.921172,-9.428292,-1.604386,50.781116,-106.654587,34.312752,30.865080,13.964897,-1.170578,-16.416504,-19.497696,49.667789,-21.181828,-2.354607,-30.979147,-3.705551,5.872566,-24.462440
0,3.000346,-9.452375,-1.284726,25.688446,-53.568729,29.345524,30.896835,14.301483,-0.807049,-17.514824,-18.218536,49.736343,-20.617115,-3.252785,-31.363668,-3.240288,5.068390,-24.693306
0,2.998865,-9.439406,-1.380006,18.257778,44.095810,62.989292,30.992916,14.276802,-0.246368,-17.738859,-18.595367,49.187618,-20.457979,-2.769356,-31.560175,-3.082033,5.335838,-24.634079
0,3.086398,-9.408186,-1.400065,-23.199141,57.158314,22.144600,30.820829,14.501854,-0.188183,-17.352694,-18.850983,49.086933,-20.436953,-2.824745,-31.573811,-3.094721,5.326988,-24.594471
0,2.997018,-9.377438,-1.755432,-22.576946,51.733952,11.141165,30.865561,14.256241,-0.159252,-16.421772,-20.237198,48.524620,-20.959332,-1.626671,-31.296352,-3.421202,6.124107,-24.316185
0,2.814590,-9.293163,-2.390648,-0.263028,29.466698,10.244946,31.271069,13.677681,1.114601,-16.808840,-22.426071,46.440628,-21.101770,1.067375,-31.289169,-3.310070,7.727310,-23.806427
0,2.788291,-9.249989,-2.581307,-53.781975,68.712593,-13.862208,31.183861,13.643486,0.765785,-15.923674,-22.983963,46.201546,-21.584520,1.524773,-30.883831,-3.686966,8.117744,-23.583050
0,2.940917,-9.234417,-2.465069,-95.628174,69.242752,-7.159253,30.836260,14.154251,0.076256,-15.235727,-22.679588,46.775208,-21.808046,0.571266,-30.688560,-4.026812,7.747940,-23.652557
0,3.137796,-9.178639,-2.430393,-108.160645,79.037956,-19.314188,30.420860,14.825844,-0.488899,-14.146366,-22.812546,47.197842,-22.096394,-0.245636,-30.437145,-4.464321,7.513306,-23.654255
0,3.303014,-9.121969,-2.424827,-103.510368,71.671272,-30.067236,30.041702,15.388840,-1.031944,-12.942125,-22.994652,47.593586,-22.416391,-0.926392,-30.148689,-4.918938,7.333481,-23.629280
0,3.353730,-9.062572,-2.573380,-110.273384,85.062141,-16.742584,29.845818,15.635010,-1.294777,-11.969172,-23.792290,47.617168,-22.754782,-0.835258,-29.872150,-5.296602,7.599831,-23.480827
0,3.434883,-9.008050,-2.656429,-93.372559,71.289261,-29.583126,29.626701,15.963951,-1.489159,-11.199656,-24.328842,47.690048,-22.963884,-0.949913,-29.694046,-5.584467,7.707191,-23.396034
0,3.394093,-8.991880,-2.761561,-73.281944,54.245724,-52.686050,29.632931,15.901207,-1.612720,-10.814615,-24.785431,47.602905,-23.184057,-0.679626,-29.517464,-5.760355,7.937187,-23.282127
0,3.237794,-8.997559,-2.925855,-65.381012,88.822563,-68.996147,29.854458,15.457649,-1.669769,-10.843048,-25.369942,47.406925,-23.452679,0.121208,-29.334629,-5.836136,8.396393,-23.116962
0,3.178979,-8.966454,-3.081688,-75.047234,113.839272,-53.904068,29.968168,15.247948,-1.413036,-11.003540,-26.142464,47.050762,-23.467815,0.813400,-29.348259,-5.770630,8.849152,-22.977283
0,2.985754,-8.911020,-3.417453,-79.919556,127.693092,-60.700897,30.242325,14.684769,-1.162235,-11.073099,-27.525368,46.252804,-23.712572,2.289154,-29.102760,-5.784933,9.754822,-22.606937
0,2.878142,-8.837689,-3.689382,-128.301361,125.007126,-104.586182,30.313969,14.487396,-1.233028,-10.550995,-28.635109,45.666504,-24.108257,3.179230,-28.685638,-6.041954,10.381226,-22.257454
0,2.698486,-8.780757,-3.951769,-149.528015,122.766296,-100.970375,30.426750,14.142456,-1.608685,-9.780693,-29.555313,45.224033,-24.689896,4.065948,-28.056238,-6.422138,10.966980,-21.867310
0,2.538447,-8.742115,-4.139048,-136.671982,108.029922,-130.126755,30.506662,13.834312,-2.029716,-9.145290,-30.191391,44.957211,-25.160988,4.692703,-27.500469,-6.749485,11.397926,-21.554657
0,2.308006,-8.735160,-4.286035,-112.186516,104.241211,-145.028870,30.715452,13.230980,-2.376648,-9.054604,-30.633041,44.766525,-25.435276,5.479355,-27.059269,-6.860081,11.844719,-21.297733
0,2.066100,-8.631729,-4.607005,-153.674286,134.155045,-176.436981,30.853516,12.806938,-2.790981,-8.591553,-31.891159,44.125061,-25.985012,6.700233,-26.250507,-7.186691,12.635902,-20.751972
0,2.012094,-8.547088,-4.785265,-169.991333,138.292267,-181.531754,30.747963,12.996719,-3.235653,-7.805775,-32.741669,43.935436,-26.522472,7.035538,-25.649862,-7.633820,12.961288,-20.421486
0,1.990293,-8.511429,-4.857398,-232.851501,133.762619,-160.796127,30.580002,13.358559,-3.837425,-6.949478,-33.143013,44.166862,-27.109009,6.926857,-25.114412,-8.145996,12.975822,-20.250294
0,1.987789,-8.442162,-4.977811,-295.448395,180.040024,-63.595509,30.379099,13.801300,-4.262600,-5.899551,-33.756149,44.025864,-27.698009,6.908539,-24.542696,-8.654221,13.044006,-19.987745
0,1.923789,-8.370928,-5.121191,-360.505707,208.578690,36.563755,30.144531,14.058685,-4.859100,-4.335808,-34.333786,43.674099,-28.368305,6.937592,-23.753889,-9.256157,13.167648,-19.600067
0,2.085937,-8.344049,-5.101542,-347.965973,90.953819,-0.102537,29.663734,14.782379,-5.298546,-2.529922,-34.196587,43.736618,-28.796783,5.959686,-23.424314,-9.873581,12.802612,-19.517845
0,2.304313,-8.280950,-5.110384,-345.636993,105.061615,-12.638103,29.147419,15.675858,-5.481781,-0.912155,-34.247734,43.687805,-29.117714,5.018845,-23.223154,-10.411919,12.457672,-19.444420
0,2.353948,-8.261345,-5.119483,-307.652832,49.948814,-16.354422,28.884241,16.050293,-5.796078,0.006603,-34.166618,43.706417,-29.402283,4.575150,-22.923470,-10.781937,12.278351,-19.346363
0,2.383676,-8.322912,-5.004721,-199.534637,-72.925064,-161.688141,28.719618,16.182907,-6.250118,0.306469,-33.481544,44.245335,-29.512558,3.949615,-22.820660,-10.999275,11.931076,-19.459757
0,2.390431,-8.348084,-4.959368,-249.069214,69.055557,-108.389908,28.521557,16.286682,-6.724159,1.079407,-33.075378,44.484100,-29.755775,3.510345,-22.529682,-11.306839,11.703506,-19.417723
0,2.468234,-8.413265,-4.808825,-233.528976,11.827279,-202.394272,28.212757,16.530869,-7.310600,2.000679,-32.085991,45.079842,-29.972088,2.596664,-22.322075,-11.653728,11.147659,-19.535736
0,2.529310,-8.473999,-4.668397,-256.113617,24.426607,-160.097321,27.828884,16.769058,-8.091297,3.246799,-31.048470,45.682320,-30.351349,1.674484,-21.894175,-12.116699,10.541824,-19.564962
0,2.397087,-8.523462,-4.648071,-210.592239,17.592155,-134.305588,27.647694,16.557404,-8.975357,4.260399,-30.609810,45.878143,-30.853775,1.530518,-21.146704,-12.560150,10.401611,-19.359135
0,2.253835,-8.548939,-4.672888,-236.779846,-21.247055,-96.442024,27.354111,16.429672,-9.937618,5.647636,-30.373474,45.893639,-31.469208,1.433868,-20.182604,-13.117584,10.317551,-19.066423
0,2.082342,-8.569044,-4.715436,-244.779175,-67.288193,-64.666794,27.164795,16.306915,-10.702656,6.536030,-30.366440,45.860039,-32.033356,1.604324,-19.288708,-13.545074,10.321411,-18.784536
0,1.843900,-8.549210,-4.848819,-317.545105,-59.258011,-20.105955,26.975971,16.165558,-11.380711,7.832272,-30.813011,45.339493,-32.653374,2.081192,-18.165230,-14.084625,10.539536,-18.202717
0,1.521911,-8.558607,-4.943079,-338.495728,-55.000996,40.852341,26.894844,15.695984,-12.133650,8.762352,-31.170082,44.905506,-33.136436,2.744507,-17.031399,-14.536461,10.876343,-17.627598
0,1.267023,-8.553885,-5.022520,-291.265686,-43.181095,-23.066179,26.696148,15.323654,-12.854301,9.722252,-31.491646,44.440948,-33.495567,3.077164,-15.995653,-14.979370,11.227951,-17.107082
0,1.128853,-8.566070,-5.034694,-265.734589,-23.634546,-62.293442,26.487324,15.072556,-13.430582,10.406769,-31.500175,44.224911,-33.601875,3.022171,-15.348158,-15.285904,11.426224,-16.787811
0,1.001029,-8.591598,-5.018206,-238.493622,-35.337574,-126.196114,26.442272,14.776947,-13.810661,10.621040,-31.406258,44.185474,-33.704109,3.086716,-14.960659,-15.462547,11.574860,-16.608551
0,0.881150,-8.616277,-4.998334,-207.092010,-57.717884,-155.677582,26.441624,14.498428,-14.112703,10.873718,-31.248726,44.164459,-33.969612,3.244492,-14.629232,-15.652168,11.624542,-16.436516
0,0.840986,-8.645154,-4.955205,-214.693604,-65.195129,-118.692749,26.509312,14.335770,-14.165350,11.109055,-30.913162,44.249264,-34.254700,3.251038,-14.482517,-15.833138,11.505203,-16.414957
0,0.811876,-8.665062,-4.925197,-208.324371,-70.098473,-90.570404,26.592175,14.253784,-14.114058,11.516876,-30.604340,44.275623,-34.648117,3.214767,-14.236097,-16.085175,11.371246,-16.386827
0,0.804937,-8.672139,-4.913866,-192.347641,-72.861343,-45.923637,26.666470,14.278542,-14.066870,12.162506,-30.344345,44.147335,-35.075317,3.002281,-13.834068,-16.467484,11.220818,-16.305090
0,0.877807,-8.649568,-4.941097,-194.702606,-60.214615,-48.872402,26.422512,14.684769,-14.225481,13.141960,-30.174286,43.927650,-35.466942,2.501831,-13.383715,-16.893005,10.987442,-16.140848
0,0.870109,-8.650919,-4.940092,-212.742203,-61.438290,-74.437103,26.025864,14.574440,-14.817194,14.259232,-29.847076,43.730614,-35.715263,2.079453,-12.734539,-17.313553,10.915016,-15.854233
0,0.873308,-8.633370,-4.970136,-152.549347,-58.487614,-124.417358,25.797768,14.884331,-14.954252,14.958084,-29.821396,43.491722,-36.105698,1.770645,-12.189924,-17.705940,10.765999,-15.671505
0,0.849329,-8.559390,-5.100537,-146.274261,-77.144936,-146.716614,25.343636,15.436119,-15.303520,16.327255,-30.290245,42.691872,-36.647438,1.550888,-11.324772,-18.178123,10.750862,-15.294249
0,0.904520,-8.499769,-5.189968,-209.088821,12.803226,-74.229485,24.657150,16.081451,-15.606024,17.789948,-30.461060,41.953560,-36.935631,1.092506,-10.714375,-18.506416,10.568573,-15.053585
0,0.962675,-8.449669,-5.260832,-188.359177,39.874523,-80.407806,24.184448,16.624718,-15.708948,18.998299,-30.554390,41.273247,-37.120796,0.672447,-10.261913,-18.794502,10.365242,-14.847996
0,0.985702,-8.406087,-5.325984,-146.290665,-13.255143,-97.363663,23.806221,17.085205,-15.816404,19.909340,-30.700569,40.669449,-37.230736,0.347275,-9.808983,-19.071342,10.221512,-14.612171
0,1.044934,-8.383524,-5.350201,-134.488480,-24.436117,-82.408394,23.528214,17.433975,-15.836948,20.551453,-30.610176,40.294899,-37.153786,-0.105789,-9.542210,-19.319252,10.010376,-14.457527
0,1.073982,-8.348979,-5.398252,-128.651520,-2.670821,-71.332466,23.463699,17.771301,-15.743862,21.083664,-30.696075,39.889595,-37.252678,-0.390144,-9.262085,-19.577950,9.890732,-14.318104
0,1.118508,-8.324794,-5.426486,-142.657730,41.674698,-49.605644,23.386177,18.112190,-15.635152,21.509933,-30.716736,39.671307,-37.355148,-0.638626,-9.124928,-19.741272,9.743507,-14.278217
0,1.163274,-8.309444,-5.440581,-153.270401,39.586323,-45.634411,23.138405,18.417480,-15.573638,21.804092,-30.698997,39.591763,-37.393356,-0.843750,-9.062401,-19.800217,9.568115,-14.231180
0,1.191656,-8.267899,-5.497437,-129.709427,24.871748,-41.893486,22.943428,18.850121,-15.482131,22.160278,-30.891335,39.290726,-37.448357,-1.077766,-8.845234,-19.968781,9.437523,-14.060349
0,1.205685,-8.219547,-5.566450,-121.033875,28.523113,-41.880905,22.853432,19.243530,-15.331734,22.502716,-31.179703,38.937859,-37.558441,-1.232597,-8.631937,-20.141960,9.375854,-13.915810
0,1.262287,-8.179713,-5.612391,-124.619713,29.117117,-59.132378,22.665985,19.586357,-15.198834,22.703690,-31.374626,38.841408,-37.586090,-1.449966,-8.633204,-20.196587,9.294380,-13.912957
0,1.276756,-8.149731,-5.652591,-100.695656,-17.153391,-62.303982,22.366142,19.741829,-15.285089,23.025970,-31.497742,38.704254,-37.639702,-1.659248,-8.432333,-20.310104,9.244774,-13.767224
0,1.231095,-8.153844,-5.656786,-104.324730,4.291780,-46.589325,22.257004,19.516769,-15.508252,23.308662,-31.498154,38.616520,-37.725037,-1.695183,-8.160265,-20.428558,9.298065,-13.600565
0,1.112603,-8.204786,-5.607459,-123.238823,3.700531,-41.821762,21.959213,18.890228,-16.434916,23.701065,-31.270042,38.676064,-37.727211,-1.537498,-7.777405,-20.432549,9.493423,-13.348403
0,1.071167,-8.236126,-5.569455,-102.734032,36.360870,-24.012074,21.982719,18.613808,-16.562323,23.893219,-31.114594,38.727631,-37.816772,-1.490578,-7.632145,-20.484833,9.510796,-13.327202
0,1.042318,-8.267238,-5.528685,-87.244987,39.282070,-20.563200,22.000351,18.417397,-16.634871,24.030869,-30.959991,38.809929,-37.871887,-1.450607,-7.540344,-20.512772,9.496422,-13.339556
0,1.053119,-8.285586,-5.499091,-65.570198,39.758938,-20.926918,21.876396,18.428459,-16.667074,24.168358,-30.812531,38.898838,-37.849884,-1.529808,-7.513077,-20.517181,9.395485,-13.354989
0,1.052977,-8.294065,-5.486321,-50.313171,17.862028,-19.578444,21.700157,18.481369,-16.757282,24.276367,-30.763092,38.910717,-37.774910,-1.590332,-7.449268,-20.515434,9.331009,-13.303612
0,1.033807,-8.296256,-5.486655,-39.914406,26.360640,-12.792549,21.665779,18.480103,-16.797815,24.316475,-30.820786,38.829216,-37.670990,-1.543427,-7.408627,-20.505997,9.359070,-13.247355
0,1.010219,-8.287721,-5.503921,-26.143351,20.078772,-12.191296,21.679848,18.487144,-16.802803,24.331238,-30.955162,38.690735,-37.588127,-1.471260,-7.360573,-20.512047,9.425713,-13.170614
0,1.012683,-8.236654,-5.579606,-7.170369,29.477636,-0.026911,21.824394,18.664383,-16.512627,24.265594,-31.385605,38.396606,-37.467010,-1.369431,-7.450438,-20.526886,9.583557,-13.122942
0,1.035810,-8.218680,-5.601820,-38.868015,56.477810,29.492376,22.003723,18.694885,-16.342653,24.192047,-31.459908,38.373047,-37.424904,-1.378265,-7.563608,-20.535805,9.594193,-13.089243
0,1.037064,-8.209125,-5.615583,-20.194252,46.564266,18.256748,22.174088,18.646988,-16.260620,24.094566,-31.532471,38.373276,-37.393555,-1.331093,-7.633291,-20.540207,9.646530,-13.057415
0,1.025951,-8.199675,-5.631409,-2.686859,28.946012,12.718390,22.260620,18.582047,-16.269157,24.026566,-31.623154,38.348206,-37.347855,-1.272156,-7.651793,-20.542038,9.722687,-12.995911
0,1.025080,-8.184302,-5.653884,8.104150,28.407127,8.281437,22.300858,18.576904,-16.259117,23.977623,-31.735916,38.311440,-37.306335,-1.231613,-7.692240,-20.534073,9.792999,-12.956615
0,1.039710,-8.125406,-5.735571,21.244669,38.499641,11.832170,22.200073,18.797638,-16.184235,23.998215,-32.117493,38.092087,-37.261963,-1.158035,-7.770391,-20.478348,9.921036,-12.867877
0,1.024423,-8.068884,-5.817532,34.354988,21.217785,22.383278,22.217194,18.992020,-16.012554,23.993805,-32.541397,37.795616,-37.350098,-0.999039,-7.752522,-20.460693,10.082520,-12.810855
0,1.037676,-8.018628,-5.884287,44.773018,14.782249,15.272834,22.262962,19.150818,-15.678975,23.939957,-32.866592,37.557899,-37.384468,-0.952820,-7.803923,-20.474083,10.160965,-12.785028
0,1.067642,-7.965116,-5.951224,56.235111,12.573480,16.101200,22.295517,19.414886,-15.413196,23.878479,-33.173973,37.345062,-37.387909,-0.972824,-7.874695,-20.491043,10.205887,-12.766334
0,1.093296,-7.944950,-5.973481,65.140862,11.104926,7.368958,22.396042,19.477127,-15.284126,23.755531,-33.268456,37.326122,-37.365776,-0.993515,-7.986530,-20.488884,10.235886,-12.800153
0,1.148655,-7.928638,-5.984755,64.099754,9.006173,17.196877,22.446503,19.583527,-15.156715,23.672760,-33.255577,37.379547,-37.322304,-1.114151,-8.156027,-20.480446,10.193481,-12.867531
0,1.217417,-7.908778,-5.997427,74.853981,5.687325,22.097036,22.430939,19.694580,-15.022555,23.594528,-33.215157,37.435371,-37.228661,-1.270996,-8.360386,-20.455360,10.142380,-12.934757
0,1.303708,-7.866990,-6.034138,78.805267,15.364819,33.353008,22.355804,19.954453,-14.789070,23.468376,-33.306259,37.431938,-37.137482,-1.417038,-8.634001,-20.384048,10.083694,-13.001757
0,1.380457,-7.819321,-6.078862,92.147644,25.050980,42.306568,22.316345,20.314529,-14.494476,23.163704,-33.549019,37.410049,-37.032433,-1.464920,-8.954336,-20.252357,10.043289,-13.079287
0,1.454267,-7.792984,-6.095450,98.896729,29.078110,50.551777,22.474617,20.537766,-14.165463,22.760422,-33.677162,37.494652,-36.947334,-1.511154,-9.306530,-20.148438,9.996277,-13.214691
0,1.542304,-7.753937,-6.123541,109.639641,34.917591,58.504814,22.435730,20.884705,-13.875465,22.433464,-33.815308,37.534985,-36.839165,-1.631210,-9.631592,-20.038475,9.911118,-13.314363
0,1.589813,-7.706962,-6.170513,107.350166,44.242416,57.082264,22.194374,21.264954,-13.771257,22.118813,-34.132660,37.483360,-36.712997,-1.589828,-9.879299,-19.845985,9.930176,-13.347372
0,1.581582,-7.680583,-6.205420,129.895370,37.300827,57.655880,22.287178,21.434753,-13.553839,21.582626,-34.527710,37.415836,-36.668068,-1.345993,-10.085337,-19.673309,10.055130,-13.412060
0,1.613376,-7.666182,-6.215036,120.875969,73.661880,64.435829,22.482422,21.568237,-13.331694,20.870125,-34.745041,37.512787,-36.522202,-1.239136,-10.418468,-19.498024,10.090134,-13.488930
0,1.656575,-7.674711,-6.193107,135.469757,56.118389,64.686630,22.808418,21.480820,-13.021763,20.171341,-34.733971,37.692787,-36.378601,-1.187241,-10.798887,-19.358322,10.092239,-13.628929
0,1.679791,-7.701087,-6.153988,164.735657,23.529949,36.841816,23.235085,21.137711,-12.791044,19.448555,-34.600136,37.909153,-36.172745,-1.109451,-11.141916,-19.244583,10.134964,-13.715061
0,1.704124,-7.738738,-6.099828,151.813889,32.051685,30.293343,23.316147,20.702957,-13.054756,19.037453,-34.283455,38.231831,-35.854843,-1.120361,-11.393393,-19.105812,10.206528,-13.756155
0,1.744797,-7.746501,-6.078437,173.830551,28.511131,20.516977,23.031120,20.552917,-13.343380,18.722427,-34.140091,38.451351,-35.490768,-1.152206,-11.609777,-18.887436,10.280472,-13.788139
0,1.778037,-7.744151,-6.071797,168.058716,43.100822,31.654766,22.705063,20.542953,-13.634005,18.560684,-34.086578,38.600456,-35.235184,-1.175034,-11.740778,-18.705505,10.346909,-13.841106
0,1.794842,-7.786528,-6.012364,165.000458,70.546722,64.650696,22.773689,20.392075,-13.689579,18.069740,-33.907707,39.043739,-35.062904,-1.035202,-11.986956,-18.482651,10.380005,-14.075687
0,1.781288,-7.849741,-5.933682,190.482391,39.752834,59.662067,22.914726,20.118668,-13.828709,17.360847,-33.681808,39.585533,-34.856186,-0.775299,-12.198013,-18.194115,10.453110,-14.360041
0,1.733595,-7.943394,-5.822126,165.733643,75.530640,96.739571,23.433716,19.628479,-13.717615,16.244995,-33.496727,40.301636,-34.645088,-0.169571,-12.501406,-17.736870,10.550842,-14.838751
0,1.703958,-8.063446,-5.663688,189.898392,46.226421,96.464943,23.998230,19.016159,-13.627016,15.102043,-33.067024,41.264587,-34.518661,0.503204,-13.090092,-17.169800,10.526489,-15.404024
0,1.697384,-8.185126,-5.488406,204.778229,42.477242,120.232834,24.556206,18.369858,-13.509626,13.975266,-32.554245,42.289730,-34.430916,1.013275,-14.007498,-16.628403,10.488419,-15.939342
0,1.737694,-8.276900,-5.336041,255.085114,-9.614401,125.888138,25.070900,17.877762,-13.211657,12.806259,-32.122673,43.098095,-34.157494,1.246719,-14.940638,-16.111732,10.463882,-16.453566
0,2.483949,-8.332327,-4.939871,255.006470,-28.456879,116.112511,25.550270,18.514862,-11.315317,10.123222,-30.504280,44.837994,-32.707504,-0.455765,-18.108950,-14.981323,9.598450,-18.020844
0,2.806037,-8.165204,-5.045354,216.458878,69.644882,176.794952,25.694427,19.272797,-9.736065,8.974792,-31.429390,44.431709,-32.059975,-0.407654,-19.381708,-14.407097,9.776306,-18.352669
0,3.104482,-8.072811,-5.019155,294.638763,-89.377480,172.892807,25.578861,19.787857,-8.905731,8.316582,-31.530182,44.454826,-31.472183,-0.873306,-20.297234,-14.062767,9.657501,-18.673273
0,3.357997,-7.982166,-5.000887,268.301147,-57.896717,161.357101,25.432911,20.241104,-8.219028,7.902634,-31.699501,44.473511,-30.969856,-1.268494,-21.038105,-13.805367,9.577866,-18.918770
0,3.396840,-7.955331,-5.017388,262.628723,45.105278,154.134445,25.652447,20.142120,-7.663177,7.196117,-32.152718,44.376804,-30.620811,-0.930557,-21.547260,-13.469933,9.850037,-19.058222
0,3.517460,-7.936224,-4.964256,329.682922,28.302189,64.651817,25.619560,20.188049,-7.401543,6.874081,-32.124825,44.572266,-30.218254,-1.177216,-22.000807,-13.296562,9.840164,-19.236652
0,3.667494,-7.965347,-4.806530,385.058563,-125.675804,-9.860648,25.545303,20.191055,-7.352520,6.535709,-31.480362,45.137028,-29.740440,-1.792542,-22.468891,-13.128998,9.569763,-19.541914
0,3.698757,-8.043198,-4.650393,397.313446,-115.945168,17.784775,25.718525,19.901443,-7.328186,5.983849,-30.879700,45.653770,-29.381020,-2.027039,-22.840895,-12.869102,9.409882,-19.820910
0,3.682065,-8.086147,-4.588749,362.490601,-31.387041,78.265701,25.960297,19.598724,-7.116547,5.499580,-30.765511,45.804508,-29.135578,-1.868973,-23.151522,-12.601688,9.487015,-19.967426
0,3.636387,-8.133431,-4.541363,342.176086,-18.574823,93.508324,26.236423,19.244125,-6.922421,5.020523,-30.678040,45.913269,-28.961994,-1.594955,-23.401237,-12.339062,9.592209,-20.082649
0,3.635231,-8.163548,-4.487937,320.199493,-81.282326,69.436905,26.424398,19.079742,-6.673214,4.581871,-30.547478,46.056019,-28.817463,-1.421341,-23.671701,-12.082676,9.582794,-20.228943
0,3.632284,-8.156807,-4.502557,301.310181,-74.736610,95.484581,26.561037,19.021927,-6.345726,4.250565,-30.756927,45.945011,-28.719662,-1.129440,-23.879284,-11.883675,9.702347,-20.275402
0,3.499720,-8.172217,-4.578954,266.986420,-67.857964,128.465118,26.916203,18.627258,-6.055180,3.525993,-31.350182,45.660919,-28.661579,-0.341156,-23.980837,-11.635693,10.132187,-20.217180
0,3.324846,-8.082355,-4.860138,273.838379,-63.140343,146.140793,27.462934,18.153442,-5.070694,2.156139,-33.175873,44.428467,-28.430679,1.365204,-24.226870,-11.149052,11.199814,-19.924164
0,3.184946,-8.009448,-5.069996,270.269318,-89.326004,112.717934,27.839600,17.826736,-4.440212,1.143379,-34.412254,43.411747,-28.339005,2.586914,-24.259069,-10.831635,11.908661,-19.661503
0,3.239279,-7.940764,-5.143086,263.048187,-57.978653,153.478653,27.970322,17.825821,-3.673634,0.295284,-35.017845,42.744339,-27.939350,3.045929,-24.650936,-10.466675,12.218674,-19.641655
0,3.248297,-8.019736,-5.013223,232.012650,-84.817780,126.776581,28.119854,17.615173,-3.545967,-0.444073,-34.468285,43.045597,-27.609818,2.895020,-24.994926,-10.166279,12.044510,-19.890728
0,3.299261,-8.127518,-4.801909,215.986786,-104.805237,112.297371,28.202108,17.513123,-3.508877,-1.183907,-33.541969,43.672928,-27.238552,2.406097,-25.419285,-9.868210,11.646057,-20.268257
0,3.371803,-8.246902,-4.540874,176.956497,-110.283264,91.332191,28.189585,17.567307,-3.663254,-1.653137,-32.322968,44.532467,-26.975777,1.613480,-25.755432,-9.682098,11.033157,-20.692898
0,3.486962,-8.313187,-4.328051,142.272568,-63.494274,95.915741,28.071384,17.805176,-3.738346,-1.798862,-31.324463,45.188808,-26.791462,0.840576,-26.024750,-9.571594,10.449051,-21.030281
0,3.615743,-8.356502,-4.134645,137.923889,-85.320198,84.929161,27.937138,18.060921,-3.742184,-2.015312,-30.493355,45.748089,-26.539719,0.111191,-26.321171,-9.435905,9.937187,-21.333172
0,3.724635,-8.424707,-3.892480,124.357498,-106.002975,98.222763,27.831861,18.190063,-3.842335,-2.145245,-29.333199,46.413952,-26.267551,-0.717003,-26.594505,-9.274933,9.326584,-21.662403
0,3.930387,-8.422433,-3.689809,95.422073,-52.780563,102.151627,27.512009,18.707085,-3.822556,-2.022200,-28.461967,46.915760,-25.989014,-1.688683,-26.868633,-9.183025,8.688271,-21.944920
0,4.136723,-8.397352,-3.517385,98.305573,-58.908199,68.173615,27.196249,19.204491,-3.704895,-2.075665,-27.849365,47.317162,-25.613766,-2.530746,-27.188301,-9.036263,8.181648,-22.194061
0,4.353105,-8.400613,-3.237312,95.299126,-81.171951,42.770947,26.882002,19.651215,-3.741600,-2.318445,-26.752655,48.046783,-25.116959,-3.676804,-27.541813,-8.809624,7.442612,-22.549797
0,4.566119,-8.390435,-2.958236,72.397392,-87.469757,29.594696,26.511309,20.123291,-3.957188,-2.341475,-25.565315,48.826241,-24.706800,-4.914719,-27.742588,-8.678434,6.647308,-22.859474
0,4.665588,-8.386886,-2.809348,42.039433,-45.432095,9.482775,26.307642,20.356606,-4.196663,-2.225521,-24.860252,49.330406,-24.581366,-5.587013,-27.757736,-8.663958,6.184296,-23.005276
0,4.754896,-8.363650,-2.727694,32.123257,-25.438604,9.758587,26.104738,20.602493,-4.344166,-2.054718,-24.495056,49.659950,-24.502140,-6.048157,-27.761890,-8.681770,5.887886,-23.088020
0,5.208035,-8.200831,-2.371232,-32.163090,23.975107,-0.404832,24.934578,21.913338,-5.225815,-0.943859,-22.840919,51.301605,-24.162268,-8.350151,-27.619392,-8.856607,4.418282,-23.419090
0,5.261635,-8.184327,-2.309109,-35.785812,23.724264,-5.642671,24.805613,22.042145,-5.350403,-0.916639,-22.565849,51.532967,-24.070007,-8.672997,-27.609528,-8.847202,4.213219,-23.473713
0,5.290212,-8.180949,-2.255156,-47.752110,26.276922,-6.840222,24.721684,22.104767,-5.525238,-0.835835,-22.269875,51.761444,-24.049618,-8.944115,-27.548729,-8.871437,4.023209,-23.509613
0,5.314081,-8.175241,-2.219459,-54.981754,30.046736,-11.399244,24.629902,22.173019,-5.708035,-0.684515,-22.022751,51.931335,-24.071688,-9.182701,-27.455441,-8.930357,3.859932,-23.522064
0,5.365620,-8.151187,-2.183635,-66.646233,41.644588,-8.757689,24.469887,22.328888,-5.847649,-0.498343,-21.786926,52.060120,-24.048281,-9.477737,-27.384712,-8.975191,3.671867,-23.535873
0,5.431434,-8.122860,-2.125719,-66.182472,41.361526,-11.830798,24.298006,22.502007,-5.953247,-0.405560,-21.488129,52.204483,-23.942219,-9.834137,-27.357868,-8.967743,3.447609,-23.573414
0,5.465209,-8.090425,-2.162524,-77.701225,68.161621,-8.649057,24.161612,22.659843,-5.949104,-0.154438,-21.630531,52.124420,-23.982979,-9.873344,-27.318443,-9.038971,3.452347,-23.538074
0,5.464355,-8.050020,-2.310412,-92.378944,80.373466,-20.009428,24.042013,22.810104,-5.898064,0.360067,-22.215401,51.783699,-24.239235,-9.608185,-27.194870,-9.259892,3.687927,-23.399483
0,5.401189,-8.038046,-2.493386,-100.397316,79.969139,-28.612175,24.045650,22.816940,-5.901093,0.925411,-22.885231,51.377239,-24.657944,-9.151207,-26.980862,-9.551056,4.023346,-23.209507
0,5.274385,-8.063358,-2.676401,-97.559761,71.230637,-36.772087,24.234051,22.646591,-5.863350,1.236408,-23.587410,50.924061,-25.121981,-8.478867,-26.779480,-9.782354,4.444931,-23.016113
0,5.212805,-8.038574,-2.864959,-99.738953,88.908913,-29.613169,24.292318,22.653137,-5.627834,1.449060,-24.459694,50.367992,-25.389727,-7.867081,-26.714458,-9.929174,4.894653,-22.841770
0,5.178123,-8.004793,-3.018333,-94.341927,111.053848,-21.106390,24.341335,22.676888,-5.294445,1.450405,-25.272484,49.848816,-25.489582,-7.324287,-26.764103,-9.970062,5.317802,-22.714661
0,5.016808,-7.992287,-3.309833,-91.351891,138.698227,-23.978632,24.683710,22.421371,-4.771118,1.300583,-26.772346,48.923409,-25.822021,-6.049591,-26.760792,-10.043377,6.194717,-22.442070
0,4.715533,-7.994345,-3.722123,-87.573349,185.539688,-42.540207,25.310444,21.821060,-4.319813,1.145657,-28.743530,47.750202,-26.432552,-4.188156,-26.513298,-10.247135,7.444626,-21.981335
0,4.366393,-8.021246,-4.073601,-47.870926,170.507950,-77.884346,26.107033,20.927795,-3.867764,0.381565,-30.522232,46.646740,-26.797451,-2.227051,-26.333591,-10.220657,8.718079,-21.550037
0,4.000886,-8.033169,-4.411474,-24.285051,104.462593,-134.222336,26.935982,19.848465,-3.408855,-0.754292,-32.248299,45.512604,-26.999031,-0.163345,-26.162445,-10.042244,10.027618,-21.094421
0,3.886406,-8.001050,-4.569359,-63.386997,82.339912,-138.131790,27.254623,19.406723,-2.971142,-1.640999,-33.249481,44.891365,-26.858192,0.792938,-26.256001,-9.831646,10.700165,-20.900597
0,3.876545,-7.933672,-4.693532,-173.156570,74.526649,-87.643814,27.314943,19.522522,-2.754032,-1.932568,-34.073441,44.472729,-26.899689,1.219070,-26.230415,-9.833065,11.017517,-20.745121
0,3.730367,-7.841514,-4.959336,-284.929047,141.914429,25.357143,27.390106,19.372452,-2.758083,-1.046715,-35.113937,43.466778,-27.400959,2.003616,-25.665287,-10.136333,11.528748,-20.257957
0,3.725115,-7.708429,-5.167556,-350.468445,146.264740,66.223442,27.138676,19.520111,-2.812962,0.642879,-35.736664,42.532093,-27.787548,2.142014,-25.160995,-10.593502,11.791321,-19.805962
0,3.564287,-7.684134,-5.315068,-321.352417,100.054169,16.129440,27.181971,19.243530,-3.221783,1.775127,-35.992218,42.027336,-28.249008,2.483551,-24.532600,-10.961166,12.047043,-19.420410
0,3.358322,-7.722202,-5.393446,-239.024536,-24.213367,-44.361305,27.322659,18.795166,-3.849922,2.559753,-35.845901,41.829018,-28.753170,2.792221,-23.876762,-11.257465,12.167664,-19.124397
0,3.170587,-7.811230,-5.378854,-248.484741,-49.210995,-109.143768,27.436443,18.424240,-4.604092,3.029373,-35.381424,42.092243,-29.224159,2.862686,-23.309982,-11.500759,12.064331,-19.003429
0,3.073754,-7.943038,-5.240247,-236.914246,-35.082970,-151.402191,27.467979,18.187759,-5.308266,3.261692,-34.482590,42.829823,-29.450729,2.492661,-23.050800,-11.653103,11.703903,-19.129787
0,2.895487,-8.126479,-5.057320,-213.695053,-37.310726,-184.751846,27.601198,17.607544,-6.263954,3.581417,-33.265640,43.761597,-29.757935,2.228897,-22.658287,-11.803810,11.323990,-19.261734
0,2.729303,-8.276492,-4.904140,-161.745361,-104.802437,-227.541061,27.617697,17.147217,-7.257389,4.042030,-32.235008,44.575283,-30.108356,1.921524,-22.155783,-12.064503,10.999359,-19.328953
0,2.536057,-8.433500,-4.737560,-184.738907,-154.701828,-218.464996,27.643932,16.556046,-8.280396,4.718880,-31.115036,45.406887,-30.549961,1.741150,-21.559978,-12.316296,10.648926,-19.405552
0,2.362753,-8.541999,-4.631594,-229.649323,-109.395195,-145.589584,27.498522,16.171448,-9.322060,5.944275,-30.246689,45.995857,-31.175270,1.588486,-20.722420,-12.750877,10.305481,-19.328035
0,2.209714,-8.605726,-4.588969,-269.557068,-98.240913,-87.585876,27.330349,15.928711,-10.175251,6.991661,-29.777283,46.302589,-31.722931,1.598038,-19.897406,-13.166618,10.084763,-19.132467
0,2.073497,-8.613542,-4.637619,-304.026154,-97.926270,-10.079470,27.141510,15.834869,-10.800537,7.883610,-29.813507,46.162861,-32.092319,1.666901,-19.043585,-13.629375,10.101120,-18.763145
0,1.934585,-8.678411,-4.576304,-267.080688,-99.398750,-80.189583,27.100082,15.446609,-11.351555,8.108776,-29.474205,46.337311,-32.200867,1.483688,-18.547653,-13.917168,10.115936,-18.568970
0,1.790041,-8.760585,-4.477489,-256.153351,-109.192856,-98.961525,27.082970,14.931946,-11.952484,8.179737,-28.975067,46.601170,-32.217598,1.232956,-18.162447,-14.153137,10.159973,-18.437443
0,1.671746,-8.817908,-4.410188,-235.523544,-112.559654,-120.896805,26.976219,14.612732,-12.561001,8.384815,-28.624413,46.772926,-32.267685,1.023346,-17.758356,-14.383270,10.207108,-18.314526
0,1.537180,-8.832605,-4.429690,-221.130707,-93.588539,-130.668945,26.906574,14.388184,-12.988522,8.594311,-28.704384,46.662273,-32.458069,1.155212,-17.346815,-14.598549,10.376450,-18.092571
0,1.449937,-8.820060,-4.483773,-212.667206,-95.740158,-110.611588,26.749836,14.427399,-13.348269,9.007812,-28.889748,46.453068,-32.792824,1.358963,-16.977358,-14.803635,10.437500,-17.868965
0,1.438004,-8.799692,-4.527423,-212.232025,-62.566364,-110.333473,26.590546,14.606300,-13.537714,9.504440,-28.971581,46.274788,-33.114075,1.423515,-16.753447,-14.980316,10.360008,-17.711119
0,1.528865,-8.772243,-4.550859,-203.721878,-56.850670,-90.748016,26.273590,15.060753,-13.715197,10.226562,-28.849953,46.131161,-33.337219,1.062637,-16.551050,-15.208145,10.112633,-17.612127
0,1.580652,-8.730618,-4.612794,-201.673935,-18.993464,-81.034142,25.990089,15.498573,-13.866520,10.860970,-28.967110,45.806583,-33.555412,0.846382,-16.288181,-15.385414,10.013023,-17.465839
0,1.631007,-8.714443,-4.625830,-180.620468,-49.239311,-63.789391,25.774204,15.763573,-14.005104,11.302444,-28.825859,45.644321,-33.658691,0.566170,-16.095901,-15.533783,9.872398,-17.393997
0,1.689634,-8.726562,-4.581728,-189.171326,-20.354877,-46.126144,25.674351,15.837410,-14.074556,11.498749,-28.469765,45.716431,-33.616005,0.243149,-16.077505,-15.608482,9.682472,-17.424597
0,1.710840,-8.753375,-4.522328,-189.070724,-18.895473,-16.429405,25.651543,15.796120,-14.170073,11.491440,-28.111229,45.878510,-33.565697,0.053017,-16.083200,-15.618950,9.539024,-17.497942
0,1.655987,-8.792809,-4.465894,-149.816193,-66.304382,-18.651043,25.783298,15.485489,-14.264221,11.316185,-27.823097,46.012482,-33.673515,0.015228,-15.978065,-15.720932,9.467972,-17.457489
0,1.539498,-8.845793,-4.402487,-164.833008,-40.775326,-26.764601,25.976776,14.921051,-14.360664,11.478371,-27.427254,46.087292,-33.988525,0.192383,-15.746496,-15.868462,9.464920,-17.426600
0,1.484119,-8.872190,-4.368253,-147.142975,-50.031353,-56.367935,25.911411,14.722603,-14.582018,11.899315,-27.125137,46.074100,-34.238541,0.140152,-15.403000,-16.081291,9.383980,-17.336161
0,1.443804,-8.869332,-4.387526,-142.012924,-23.798275,-63.536556,25.695049,14.794426,-14.886675,12.429077,-27.102646,45.934727,-34.478676,0.115303,-15.002029,-16.281601,9.355278,-17.183313
0,1.439014,-8.861678,-4.404531,-112.104523,-26.462410,-43.189167,25.575096,14.905655,-15.032310,12.676926,-27.107353,45.889889,-34.649361,0.041847,-14.786427,-16.414719,9.318634,-17.102482
0,1.547136,-8.820951,-4.449405,-103.426003,-25.895189,-38.007793,25.231506,15.468987,-15.151402,13.100304,-27.210915,45.744713,-34.635864,-0.435402,-14.624094,-16.591393,9.129158,-16.981491
0,1.671135,-8.789961,-4.465859,-96.548721,-17.245253,-22.707132,24.999390,15.905594,-15.141874,13.372154,-27.171387,45.660194,-34.527504,-0.944740,-14.611706,-16.712967,8.910492,-16.917728
0,1.771930,-8.749250,-4.506760,-80.615936,-23.101610,-23.969988,24.769539,16.293129,-15.089682,13.732925,-27.232094,45.451782,-34.477623,-1.351891,-14.542297,-16.857834,8.763313,-16.822521
0,1.865998,-8.703190,-4.557689,-88.098763,-22.083355,-30.889978,24.487114,16.685623,-15.079519,14.218849,-27.306885,45.204292,-34.432816,-1.732712,-14.422390,-17.021286,8.635361,-16.703726
0,1.990392,-8.646614,-4.612418,-80.102905,-7.817089,-38.866470,24.173546,17.159447,-15.004208,14.765045,-27.360489,44.961700,-34.404770,-2.183800,-14.360493,-17.179688,8.462471,-16.620195
0,2.104338,-8.593180,-4.661440,-78.626038,0.758984,-32.592785,23.921707,17.570236,-14.875185,15.232536,-27.403389,44.763851,-34.416855,-2.569756,-14.348379,-17.306587,8.313095,-16.589741
0,2.187888,-8.540614,-4.719222,-68.478165,-1.384047,-26.561596,23.702271,17.932899,-14.777975,15.644989,-27.521889,44.538700,-34.441574,-2.846603,-14.304197,-17.422363,8.225166,-16.531788
0,2.227012,-8.509145,-4.757613,-70.386230,9.717927,-26.400829,23.566414,18.137581,-14.712631,15.939705,-27.616432,44.380161,-34.493118,-2.990280,-14.242109,-17.510719,8.179420,-16.483242
0,2.225890,-8.501156,-4.772396,-59.161488,3.344461,-27.448784,23.528542,18.179985,-14.650846,16.112488,-27.655594,44.293312,-34.583229,-3.019600,-14.165941,-17.577278,8.161827,-16.457537
0,2.226397,-8.483861,-4.802839,-50.683567,-0.840462,-23.602772,23.491997,18.278473,-14.539927,16.259865,-27.790253,44.164200,-34.673187,-3.029480,-14.097826,-17.644691,8.166733,-16.424128
0,2.143757,-8.522619,-4.771715,-59.711899,-7.780173,-9.759179,23.571182,17.890907,-14.735701,16.393295,-27.596863,44.229565,-34.786766,-2.825027,-13.929989,-17.687195,8.276253,-16.421188
0,2.103094,-8.560591,-4.721576,-43.792068,-7.804016,-3.527528,23.672989,17.565437,-14.862650,16.456108,-27.290062,44.389023,-34.834602,-2.756569,-13.856014,-17.719170,8.299706,-16.466230
0,2.086375,-8.579103,-4.695320,-27.207512,-15.218937,-7.057159,23.727776,17.383369,-14.933750,16.523178,-27.100967,44.486523,-34.860184,-2.741241,-13.807405,-17.753922,8.313454,-16.488703
0,2.078760,-8.600357,-4.659680,-29.194647,-4.682959,0.798384,23.786552,17.220818,-15.006907,16.528954,-26.889381,44.631207,-34.845451,-2.745872,-13.806421,-17.757317,8.303627,-16.529943
0,2.079773,-8.617754,-4.626971,-25.806641,-2.566458,3.946412,23.815804,17.111938,-15.083666,16.522697,-26.700485,44.766621,-34.794205,-2.774933,-13.818211,-17.751160,8.276642,-16.556509
0,2.075381,-8.633935,-4.598691,19.423952,-26.350349,3.997149,23.799515,17.091248,-15.151327,16.619087,-26.559807,44.867035,-34.600891,-2.800369,-13.766127,-17.787407,8.221008,-16.462845
0,2.054640,-8.650877,-4.576110,23.315435,-27.217415,0.164778,23.780807,17.027473,-15.254919,16.630569,-26.484222,44.917324,-34.612381,-2.766075,-13.731668,-17.765358,8.202141,-16.475662
0,2.046786,-8.663765,-4.555200,26.721035,-28.303551,1.243949,23.771828,16.993279,-15.308937,16.629318,-26.411079,44.968605,-34.617683,-2.760803,-13.731461,-17.742508,8.170280,-16.505695
0,2.041228,-8.672689,-4.540689,30.608109,-26.008114,-0.609248,23.749580,16.983582,-15.369320,16.664703,-26.360886,44.997128,-34.632324,-2.760956,-13.722080,-17.725883,8.141205,-16.525406
0,2.037763,-8.677522,-4.533006,26.681761,-25.528238,-4.897004,23.731476,16.984444,-15.413635,16.698746,-26.338699,45.001720,-34.641685,-2.759529,-13.716379,-17.709717,8.124367,-16.534668
0,2.027818,-8.678751,-4.535112,28.650003,-22.771189,-3.082883,23.700294,16.997604,-15.481071,16.752266,-26.363167,44.971401,-34.660759,-2.734779,-13.684071,-17.699333,8.129517,-16.520851
0,2.038807,-8.654215,-4.576879,28.274792,-11.107344,-2.105244,23.591698,17.204361,-15.483252,16.901588,-26.573082,44.825882,-34.743973,-2.756622,-13.639759,-17.720726,8.122086,-16.455593
0,2.050405,-8.627762,-4.621424,27.166992,-6.804532,-5.741963,23.513420,17.386833,-15.429253,17.042595,-26.780708,44.659821,-34.808022,-2.779015,-13.594362,-17.761871,8.123390,-16.379616
