1,-4.744777,-5.618515,-6.776385,-0.869702,39.986183,8.421917,-18.545738,27.283325,-4.078922,-19.512287,-38.351486,36.822453,31.257656,-4.127930,-19.778936,17.125538,9.715683,-15.892538
1,-4.652052,-5.670957,-6.796960,-2.215191,50.488495,10.035551,-18.763155,27.110092,-4.273708,-19.383383,-38.451797,36.832157,31.463772,-3.874252,-19.546814,17.142220,9.830017,-15.804342
1,-4.587442,-5.703855,-6.813326,-4.870581,49.002628,12.085949,-18.910124,26.995514,-4.401104,-19.286346,-38.538620,36.837471,31.614544,-3.687546,-19.380615,17.153374,9.912476,-15.741131
1,-4.536310,-5.717134,-6.836393,-8.289721,43.220749,12.750535,-19.020210,26.916794,-4.459789,-19.209196,-38.665359,36.775848,31.736107,-3.512650,-19.248833,17.165676,10.000290,-15.671999
1,-4.498871,-5.715251,-6.862657,-11.011458,41.883560,12.812584,-19.102377,26.866837,-4.457073,-19.145329,-38.820312,36.667385,31.826492,-3.350906,-19.157482,17.173000,10.090012,-15.605673
1,-4.477116,-5.690512,-6.897355,-10.102790,38.031891,11.966400,-19.132063,26.867386,-4.385124,-19.129526,-39.006973,36.485111,31.895313,-3.217697,-19.091772,17.190022,10.174423,-15.529688
1,-4.462028,-5.657836,-6.933917,-10.944793,35.198891,10.181452,-19.144350,26.884552,-4.284340,-19.128532,-39.206039,36.276272,31.948635,-3.096100,-19.043369,17.207775,10.258255,-15.452646
1,-4.449225,-5.622983,-6.970400,-10.787979,38.083637,10.128163,-19.156563,26.901855,-4.168636,-19.124144,-39.411621,36.051861,31.989769,-2.973602,-19.007921,17.221268,10.346085,-15.376341
1,-4.436687,-5.583686,-7.009869,-11.944966,33.739056,6.798550,-19.165390,26.922684,-4.037773,-19.123022,-39.637939,35.802097,32.026798,-2.844360,-18.974871,17.236343,10.442230,-15.292774
1,-4.435936,-5.545389,-7.040677,-13.146914,26.170111,3.720921,-19.156790,26.955490,-3.901913,-19.114273,-39.827393,35.595337,32.037270,-2.752670,-18.975937,17.243275,10.516113,-15.233696
1,-4.927739,-5.223436,-6.959390,30.580196,63.420956,19.585623,-18.094751,27.723587,-2.624588,-19.894104,-39.542313,35.139889,30.831013,-3.860413,-20.380857,17.131786,10.115982,-15.626114
1,-5.066803,-5.172515,-6.897290,29.497988,65.362915,15.808760,-17.699112,27.981171,-2.554249,-20.202250,-39.026093,35.461681,30.646774,-4.375793,-20.600744,17.124966,9.778564,-15.821661
1,-5.126819,-5.131685,-6.883425,22.277256,59.881485,11.107048,-17.494852,28.107910,-2.485130,-20.455742,-38.853943,35.468090,30.546616,-4.609192,-20.694729,17.146145,9.644577,-15.871693
1,-5.176345,-5.088651,-6.878305,16.676535,47.266373,10.189927,-17.326052,28.213608,-2.392525,-20.662867,-38.758698,35.420265,30.456112,-4.776779,-20.781916,17.163986,9.556046,-15.899767
1,-5.210771,-5.052585,-6.878900,12.112901,36.135788,7.165371,-17.205236,28.288101,-2.307575,-20.822649,-38.709183,35.345619,30.390007,-4.883743,-20.844872,17.178398,9.503433,-15.909885
1,-5.243491,-5.022963,-6.875730,9.878553,29.932852,7.812721,-17.100147,28.353378,-2.233799,-20.940672,-38.660629,35.304729,30.323811,-4.980881,-20.911331,17.183926,9.454178,-15.929184
1,-5.289011,-4.955875,-6.889533,6.527484,25.378777,8.007054,-16.912151,28.471375,-2.072193,-21.200788,-38.655991,35.114349,30.239109,-5.104675,-20.990025,17.220013,9.403671,-15.913963
1,-5.273921,-4.950572,-6.904897,6.070973,31.387329,6.885899,-16.925814,28.459915,-2.072102,-21.257196,-38.702103,35.018131,30.271164,-5.069031,-20.944414,17.246166,9.432205,-15.868971
1,-5.244606,-4.965246,-6.916678,2.138044,26.909506,6.048717,-16.988848,28.416000,-2.128532,-21.265608,-38.739258,34.971966,30.329250,-5.008606,-20.868319,17.267670,9.469086,-15.825581
1,-5.198443,-5.000355,-6.926229,2.159915,27.188442,5.073631,-17.101143,28.336655,-2.250343,-21.243269,-38.760483,34.967247,30.419319,-4.925201,-20.750704,17.289890,9.513077,-15.777830
1,-5.161650,-5.023160,-6.937236,1.575521,25.901636,5.849640,-17.184332,28.278580,-2.331890,-21.231672,-38.798477,34.941044,30.492397,-4.850266,-20.656855,17.310482,9.555298,-15.732544
1,-5.048323,-5.068894,-6.987185,1.554961,26.600121,10.802209,-17.437454,28.106186,-2.505512,-21.162449,-39.048203,34.762840,30.714066,-4.550064,-20.381958,17.379391,9.743011,-15.557875
1,-5.059299,-5.062546,-6.983848,2.094776,27.145607,9.756490,-17.414719,28.122879,-2.484432,-21.156353,-39.046417,34.778011,30.687794,-4.572159,-20.413345,17.375992,9.734406,-15.570221
1,-5.056545,-5.057103,-6.989782,2.527659,27.330193,9.968197,-17.417389,28.122711,-2.469994,-21.154284,-39.085190,34.744598,30.691242,-4.552002,-20.409075,17.382851,9.752457,-15.554720
1,-5.038958,-5.062001,-6.998932,1.878135,28.438816,6.834686,-17.458103,28.095306,-2.488338,-21.136580,-39.135818,34.704060,30.722687,-4.498154,-20.369293,17.393105,9.788055,-15.524052
1,-5.031177,-5.064584,-7.002660,3.351140,33.359421,7.680588,-17.478987,28.080200,-2.498512,-21.125637,-39.161163,34.688709,30.732697,-4.473572,-20.354805,17.398087,9.806442,-15.510014
1,-5.034109,-5.066061,-6.999483,1.520464,28.674864,5.701540,-17.477386,28.080215,-2.504940,-21.118002,-39.154297,34.713406,30.722954,-4.483444,-20.365187,17.396740,9.802261,-15.517405
1,-5.043747,-5.053137,-7.001887,5.915765,29.643293,7.651825,-17.442289,28.105774,-2.472355,-21.148457,-39.168259,34.693665,30.707142,-4.502472,-20.384348,17.403557,9.796524,-15.516254
1,-5.047581,-5.036370,-7.011199,8.334011,33.916729,6.360167,-17.407803,28.129517,-2.438465,-21.207087,-39.198318,34.628490,30.704948,-4.510345,-20.382408,17.422707,9.800476,-15.494301
1,-5.073534,-5.010624,-7.010913,7.480335,28.097761,5.785821,-17.327442,28.183640,-2.373756,-21.273273,-39.188370,34.604256,30.656097,-4.574081,-20.437716,17.431202,9.772751,-15.504799
1,-5.307594,-4.341412,-7.278845,-22.895163,-25.521767,-27.554140,-16.135733,29.007645,-0.419567,-22.587250,-40.490494,32.236710,30.389992,-4.484711,-20.885153,17.727356,10.016815,-15.001139
1,-5.287256,-4.333383,-7.298406,-29.148432,-30.218580,-47.101116,-16.205700,28.974564,-0.352818,-22.494656,-40.653549,32.099033,30.435944,-4.343185,-20.854876,17.718182,10.104813,-14.951700
1,-5.209827,-4.397967,-7.315435,-35.661495,-31.818346,-68.137054,-16.463606,28.824097,-0.516575,-22.302549,-40.762848,32.075199,30.581348,-4.127762,-20.682825,17.708233,10.224136,-14.880239
1,-5.178770,-4.443778,-7.309800,-34.186340,-35.853439,-79.209145,-16.597879,28.748535,-0.619579,-22.141787,-40.786850,32.170982,30.636238,-4.038422,-20.627100,17.676914,10.264511,-14.889013
1,-5.212297,-4.472087,-7.268589,-31.927362,-54.489300,-98.681526,-16.561586,28.783386,-0.652882,-22.018787,-40.663681,32.462418,30.568157,-4.141464,-20.729355,17.611752,10.180756,-15.021694
1,-5.277340,-4.514988,-7.194760,-36.822838,-94.927368,-120.808067,-16.468676,28.851486,-0.737984,-21.863354,-40.393066,32.977367,30.428295,-4.376175,-20.910851,17.519638,10.010010,-15.244892
1,-5.379339,-4.574450,-7.080756,-37.321964,-102.327057,-140.100296,-16.332294,28.935730,-0.876377,-21.669796,-39.928223,33.725857,30.194771,-4.751266,-21.193159,17.380898,9.743622,-15.572136
1,-5.536632,-4.585857,-6.950944,-33.014465,-131.829575,-146.526825,-15.986607,29.145355,-0.914719,-21.606415,-39.366425,34.502453,29.852036,-5.306854,-21.577070,17.241283,9.370438,-15.951355
1,-5.640933,-4.639072,-6.830731,-38.723766,-176.829773,-166.621460,-15.782183,29.261581,-1.119003,-21.493307,-38.783752,35.272762,29.608677,-5.787506,-21.809406,17.124866,9.034149,-16.267206
1,-5.735923,-4.675971,-6.725659,-36.744080,-206.125153,-165.892120,-15.552246,29.388565,-1.314741,-21.456095,-38.234406,35.942909,29.384281,-6.263596,-21.993862,17.044079,8.708954,-16.531595
1,-5.814673,-4.768868,-6.591470,-44.712788,-250.307281,-190.024704,-15.432631,29.442612,-1.684666,-21.263948,-37.533981,36.818062,29.173573,-6.764755,-22.135891,16.926964,8.344833,-16.839436
1,-5.731308,-4.968588,-6.516535,-82.327698,-357.413452,-211.834534,-15.845575,29.200516,-2.250422,-20.682697,-37.234955,37.521957,29.329102,-6.720551,-21.952492,16.850201,8.299789,-16.955673
1,-5.584054,-5.251303,-6.422005,-80.056557,-360.420166,-224.438339,-16.426609,28.815491,-3.089073,-20.047956,-36.744202,38.395264,29.618992,-6.644928,-21.595951,16.785339,8.226303,-17.065571
1,-5.611644,-5.436400,-6.241394,-79.140289,-428.095520,-267.330017,-16.504210,28.720184,-3.743406,-19.530035,-35.799835,39.573181,29.530022,-7.126709,-21.592865,16.640427,7.804947,-17.404665
1,-5.641128,-5.701727,-5.972268,-82.290115,-434.123901,-250.370270,-16.687813,28.483780,-4.707008,-18.843403,-34.349289,41.183853,29.382740,-7.800735,-21.573835,16.440678,7.211853,-17.853580
1,-5.740097,-5.936656,-5.639806,-55.221966,-403.679871,-230.753738,-16.624495,28.337982,-5.769016,-18.339514,-32.402542,42.969894,29.085468,-8.879990,-21.567657,16.243607,6.336868,-18.366432
1,-5.777062,-6.344602,-5.135327,-57.066799,-411.318115,-219.062057,-16.926207,27.756485,-7.441844,-17.460390,-29.478577,45.323639,28.809063,-10.157578,-21.346233,15.941135,5.179092,-18.986900
1,-5.630560,-6.938289,-4.489648,-85.052475,-399.036621,-202.410599,-17.891907,26.478271,-9.540783,-15.958012,-25.962204,47.880486,28.833935,-11.083893,-20.807779,15.558411,4.020584,-19.576029
1,-5.514197,-7.483318,-3.686948,-67.557404,-424.451080,-176.551361,-18.716064,24.979889,-11.743984,-14.611328,-21.471252,50.397987,28.756458,-12.396194,-20.128094,15.159443,2.453461,-20.138783
1,-5.470722,-7.840628,-2.931853,-5.192340,-453.589172,-171.542633,-18.993855,23.628082,-13.900387,-14.351814,-16.703339,52.164570,28.723633,-14.056564,-19.028263,15.045681,0.645554,-20.355824
1,-5.212309,-8.234303,-2.242342,-53.948757,-469.269012,-169.315887,-19.618618,21.677933,-16.024582,-14.404533,-12.290848,53.173569,29.281921,-14.847961,-17.510471,15.176899,-0.754089,-20.225029
1,-4.951513,-8.564452,-1.460365,-46.078445,-549.612793,-164.779480,-20.185909,19.419968,-18.059732,-14.590643,-7.510925,53.796738,29.811691,-15.605957,-15.852068,15.332436,-2.255234,-19.964174
1,-4.516396,-8.893106,-0.717519,-41.383781,-429.959534,-137.951492,-21.080467,16.759766,-19.596413,-14.669569,-3.581619,53.947914,30.586802,-15.455536,-14.414595,15.507238,-3.216003,-19.660084
1,-3.894883,-9.209205,-0.142930,-31.343513,-426.403656,-139.169983,-22.031178,13.915863,-20.691341,-15.037912,-1.040329,53.678005,31.644373,-14.301117,-13.178650,15.863550,-3.434372,-19.299538
1,-3.373641,-9.409915,0.268408,-3.645150,-391.939972,-120.059586,-22.560757,11.607574,-21.474346,-15.754301,0.610153,53.308838,32.486977,-13.172333,-12.164344,16.258047,-3.433212,-18.952934
1,-2.827532,-9.562099,0.755863,-1.977564,-433.864777,-7.327392,-23.006805,9.054596,-22.145386,-16.379623,2.503525,52.951752,33.237122,-11.951370,-11.233129,16.605947,-3.449463,-18.645786
1,-2.465252,-9.606890,1.276795,-3.543879,-399.959290,-43.975433,-23.273209,6.897217,-22.566008,-16.766312,4.693619,52.571190,33.644028,-11.335114,-10.519340,16.776529,-3.795410,-18.417204
1,-2.348645,-9.563153,1.740680,-0.425377,-399.521088,-44.346771,-23.350559,5.474808,-22.813271,-16.999268,6.937012,52.182808,33.742168,-11.466827,-9.955954,16.825554,-4.451447,-18.220139
1,-2.392821,-9.479692,2.099960,-5.112864,-345.696564,-52.729168,-23.288204,4.689026,-23.013319,-17.241619,8.907455,51.837543,33.691948,-12.006805,-9.453243,16.834627,-5.209305,-18.013142
1,-2.274393,-9.422327,2.459042,-54.193508,-356.720276,-55.496727,-23.434004,3.492386,-23.030970,-17.201450,10.534805,51.436260,33.762630,-11.989639,-9.113389,16.824833,-5.658218,-17.867346
1,-2.006867,-9.400386,2.757757,-57.067146,-270.091187,-35.536854,-23.742487,2.144501,-22.847095,-17.013062,11.586319,51.273964,33.953381,-11.405640,-9.107103,16.793877,-5.730682,-17.876635
1,-1.769229,-9.385779,2.962595,-47.291222,-226.174850,-20.677044,-24.022799,1.113312,-22.600060,-16.775700,12.212921,51.211159,34.090557,-10.844215,-9.248488,16.733372,-5.692810,-17.949289
1,-1.678030,-9.356400,3.105158,-28.488102,-248.940247,-17.549110,-24.067894,0.496094,-22.550205,-16.825703,12.805435,50.983818,34.161957,-10.676926,-9.119498,16.764723,-5.782196,-17.886038
1,-1.692436,-9.332511,3.168579,-35.586876,-172.752182,-26.080397,-24.117741,0.382629,-22.507298,-16.669352,13.176971,50.935368,34.125118,-10.805641,-9.112780,16.720226,-5.932816,-17.876694
1,-1.642145,-9.324459,3.218357,-15.689229,-118.609444,-21.683744,-24.209539,0.147491,-22.406750,-16.503613,13.354980,50.942421,34.129013,-10.712494,-9.194564,16.676493,-5.937164,-17.917175
1,-1.586407,-9.307428,3.294705,-0.508555,-132.292145,-17.750822,-24.296917,-0.174683,-22.291777,-16.385189,13.655060,50.906685,34.127529,-10.640884,-9.243961,16.637112,-5.973328,-17.947714
1,-1.531428,-9.282277,3.390289,11.957776,-137.996536,-11.396217,-24.378891,-0.541931,-22.175003,-16.284422,14.069611,50.849995,34.126305,-10.591919,-9.270628,16.600092,-6.048851,-17.966892
1,-1.514003,-9.256516,3.467667,15.674356,-97.030983,-10.803374,-24.423786,-0.767365,-22.114586,-16.211441,14.469894,50.798534,34.116688,-10.633430,-9.258709,16.574333,-6.164520,-17.960661
1,-1.185148,-9.228970,3.663544,20.441767,-67.094734,60.749195,-24.669619,-1.851730,-21.822155,-15.967041,14.886826,50.604595,34.310871,-9.773430,-9.442374,16.542278,-6.019791,-18.015312
1,-1.143300,-9.217352,3.705846,0.815337,-92.920898,-14.695197,-24.777487,-2.015221,-21.677628,-15.734387,15.054260,50.638454,34.282341,-9.729301,-9.585867,16.462629,-6.045120,-18.082682
1,-1.145655,-9.212988,3.715957,6.844211,-63.915516,-23.685951,-24.844124,-2.010002,-21.595768,-15.602928,15.135345,50.722908,34.252556,-9.769798,-9.704773,16.398191,-6.088417,-18.132839
1,-1.166029,-9.223902,3.682392,10.192434,-21.189390,-27.267635,-24.908882,-1.843727,-21.536324,-15.481975,15.012238,50.886749,34.218349,-9.813881,-9.870437,16.326977,-6.085815,-18.203587
1,-1.067115,-9.265659,3.606775,14.449013,28.821003,-14.178046,-25.105272,-1.799644,-21.315536,-15.171822,14.468307,51.261303,34.221550,-9.438881,-10.346519,16.183655,-5.831543,-18.419388
1,-0.986874,-9.294604,3.554773,-0.973966,52.644058,-22.087742,-25.278236,-1.778893,-21.111919,-14.885345,14.070465,51.516148,34.211964,-9.141876,-10.739775,16.049343,-5.652184,-18.588192
1,-0.799402,-9.325369,3.521143,27.942759,99.226593,24.249004,-25.443251,-2.012871,-20.919394,-14.626177,13.532654,51.597668,34.270920,-8.507851,-11.067135,15.967915,-5.334007,-18.720140
1,-0.814098,-9.358391,3.428958,28.283092,90.981667,16.068497,-25.390503,-1.712112,-21.036745,-14.709239,12.978409,51.537598,34.299759,-8.416840,-11.012589,16.016035,-5.185905,-18.685404
1,-1.151500,-9.384746,3.255856,23.478439,87.274918,-7.699068,-25.185595,-0.492813,-21.376797,-14.870087,12.566528,51.547050,34.178787,-9.270203,-10.775794,16.058706,-5.416115,-18.558596
1,-1.493756,-9.400545,3.065689,24.036684,149.635529,-8.371193,-25.043083,0.840897,-21.586561,-14.754997,12.119629,51.744541,33.976700,-10.169037,-10.763008,15.985876,-5.656151,-18.538275
1,-1.796214,-9.408358,2.873399,58.849907,208.031677,24.200006,-24.895096,2.102692,-21.736622,-14.620106,11.619568,52.058109,33.776207,-10.936485,-10.849718,15.891853,-5.834152,-18.568699
1,-1.952209,-9.457877,2.595659,77.091209,292.743652,41.612221,-24.817833,3.188675,-21.749268,-14.492441,10.432587,52.588036,33.683735,-11.099930,-11.188026,15.817135,-5.588333,-18.728977
1,-2.234109,-9.502899,2.168792,111.244003,371.957916,68.574669,-24.508064,4.848526,-21.838844,-14.744074,8.677109,53.250362,33.514610,-11.498016,-11.476422,15.834831,-5.231445,-18.881773
1,-2.324978,-9.580401,1.676418,58.792614,343.140808,34.662083,-24.617847,6.340607,-21.391247,-14.186440,6.096542,54.096043,33.357086,-11.163025,-12.445637,15.618122,-4.414474,-19.313667
1,-2.412707,-9.625385,1.237261,46.825180,310.617371,56.836411,-24.751801,7.673233,-20.841038,-13.513847,3.698303,54.683193,33.153763,-10.843369,-13.367758,15.368263,-3.664047,-19.691875
1,-2.641994,-9.615232,0.753129,61.758686,368.889404,93.542786,-24.702148,9.441467,-20.231674,-12.899275,1.199921,55.137272,32.827400,-10.874100,-14.260742,15.107891,-3.034561,-20.015610
1,-3.051337,-9.516039,0.366532,95.362572,357.220795,140.462204,-24.249094,11.354218,-19.843536,-12.821016,-0.468582,55.308289,32.374668,-11.652634,-14.742527,14.976894,-2.889420,-20.149624
1,-3.372944,-9.413592,-0.086776,97.186249,395.174408,133.467117,-23.792305,13.133743,-19.338552,-12.899694,-2.619980,55.301888,32.037971,-12.006821,-15.249752,14.921268,-2.462860,-20.250441
1,-3.734803,-9.257974,-0.584090,112.122284,416.426880,158.268555,-23.159641,15.082031,-18.734962,-13.128983,-4.941574,55.143211,31.666607,-12.410156,-15.758373,14.909924,-2.016830,-20.308132
1,-4.177773,-9.018013,-1.105280,87.958313,401.731934,165.052567,-22.307972,17.244415,-17.925734,-13.391888,-7.343872,54.858593,31.114513,-13.011383,-16.390865,14.869392,-1.614258,-20.374737
1,-4.517761,-8.765557,-1.659772,91.210121,417.202484,173.707886,-21.483644,19.165192,-16.995665,-13.797998,-10.060425,54.404800,30.713638,-13.188751,-17.018831,14.923725,-0.976547,-20.383926
1,-4.739435,-8.502163,-2.291502,109.593079,434.834015,196.912170,-20.738523,20.860336,-15.918045,-14.464663,-13.300247,53.571926,30.531799,-12.870117,-17.570301,15.134453,-0.010712,-20.262062
1,-4.903491,-8.189565,-2.981074,95.815964,436.913971,180.982681,-20.020180,22.470428,-14.613903,-15.239706,-16.924377,52.310852,30.444347,-12.263168,-18.103010,15.428490,1.164200,-20.015436
1,-4.905713,-7.937535,-3.595764,56.974407,385.006836,175.805161,-19.735447,23.478409,-13.348704,-15.732054,-20.371017,50.834404,30.569427,-11.196945,-18.504818,15.708992,2.472488,-19.678247
1,-4.887792,-7.642710,-4.206955,87.857971,441.125031,243.119492,-19.412487,24.418320,-12.078590,-16.348959,-23.755997,49.159012,30.785690,-10.091034,-18.751629,16.041183,3.750534,-19.213438
1,-4.797053,-7.345552,-4.799077,66.252251,351.605316,249.859375,-19.309061,25.101456,-10.764431,-16.775803,-27.146286,47.220642,31.089031,-8.725418,-18.895761,16.346554,5.123016,-18.641233
1,-4.743221,-7.000494,-5.338065,89.784370,320.576019,283.227966,-19.059881,25.806702,-9.478508,-17.344231,-30.120010,45.127647,31.335644,-7.631699,-18.921816,16.661087,6.262177,-18.004917
1,-4.696046,-6.633792,-5.825800,112.498901,352.274750,310.102997,-18.806740,26.419388,-8.194592,-17.920345,-32.781876,42.913193,31.535885,-6.650101,-18.902714,16.953732,7.279922,-17.330614
1,-4.765932,-6.261874,-6.170481,117.691254,386.620941,284.364899,-18.389534,27.067291,-6.933376,-18.395699,-34.688492,41.086617,31.485409,-6.166336,-19.107624,17.123657,7.904404,-16.872654
1,-4.882440,-5.867422,-6.460274,68.793709,251.417984,247.029190,-17.995241,27.637100,-5.545252,-18.618870,-36.492584,39.431461,31.319511,-5.663834,-19.517035,17.201412,8.513748,-16.508375
1,-4.781520,-5.566143,-6.793756,81.989182,310.691711,288.972748,-17.992573,27.834549,-4.498878,-18.921543,-38.415894,37.421364,31.576263,-4.679901,-19.346842,17.393948,9.323868,-15.859108
1,-4.746959,-5.275300,-7.045395,78.331703,341.757843,256.738434,-17.864431,28.084763,-3.480125,-19.247887,-39.793823,35.637245,31.732597,-4.019623,-19.261084,17.511223,9.855225,-15.364698
1,-4.764648,-5.131473,-7.139056,50.656105,282.728149,190.759857,-17.852667,28.172913,-2.859306,-19.200411,-40.411255,34.802448,31.723957,-3.665787,-19.371305,17.463360,10.110123,-15.216673
1,-4.797568,-4.942960,-7.249172,51.817955,243.681656,234.174957,-17.780476,28.303558,-2.093616,-19.215363,-41.182770,33.824318,31.699780,-3.271301,-19.516401,17.428791,10.405457,-15.034546
1,-4.778402,-4.762605,-7.381359,74.118332,307.520233,259.787750,-17.719830,28.390823,-1.477192,-19.470623,-41.970947,32.753979,31.783245,-2.866562,-19.467087,17.493488,10.714462,-14.735064
1,-4.761044,-4.677348,-7.446804,58.728828,253.286575,226.396729,-17.729794,28.402634,-1.168205,-19.587259,-42.369263,32.201138,31.828426,-2.623901,-19.434813,17.517605,10.888718,-14.578224
1,-4.714303,-4.329348,-7.683235,48.173141,181.813049,175.175720,-17.622070,28.558121,0.050793,-19.996571,-43.716202,30.037697,32.075275,-1.881790,-19.245676,17.605320,11.402390,-14.007153
1,-4.638573,-4.042130,-7.883199,77.095711,228.977783,220.681076,-17.519695,28.626892,0.894875,-20.619883,-44.657669,28.234745,32.337040,-1.327133,-18.916199,17.782864,11.792419,-13.426971
1,-4.579804,-3.877985,-7.999165,70.839737,238.548294,201.070999,-17.482613,28.625443,1.316284,-21.062750,-45.082367,27.119831,32.499779,-1.037628,-18.663105,17.908867,11.993774,-13.051636
1,-4.631181,-3.734360,-8.037830,70.147156,228.792511,186.396179,-17.297871,28.701370,1.784931,-21.370348,-45.247192,26.489922,32.430855,-0.997391,-18.782021,17.938377,12.042648,-12.944824
1,-4.775616,-3.568619,-8.028602,64.088310,209.878082,170.652191,-16.911724,28.882599,2.371296,-21.711309,-45.230896,26.115654,32.203358,-1.180603,-19.175564,17.927937,11.960175,-13.010845
1,-4.843218,-3.446886,-8.041283,45.695713,167.805130,144.242188,-16.710461,28.953964,2.781555,-21.953846,-45.284683,25.704590,32.110123,-1.195816,-19.347851,17.930099,11.963318,-12.981853
1,-4.912597,-3.295440,-8.062658,36.791065,106.810875,108.478981,-16.460846,29.045837,3.273418,-22.245468,-45.371979,25.174671,32.033119,-1.207108,-19.507881,17.950958,11.970779,-12.919777
1,-4.941579,-3.159685,-8.099209,35.057259,95.000847,137.338455,-16.281067,29.100601,3.680710,-22.540291,-45.473984,24.586220,32.033993,-1.167542,-19.538815,17.999134,12.003540,-12.795055
1,-4.891309,-3.084543,-8.158473,31.138668,85.875778,105.598602,-16.297428,29.061523,3.828861,-22.762848,-45.609863,24.013073,32.159412,-1.020325,-19.337654,18.083904,12.096573,-12.570560
1,-4.964595,-2.858693,-8.196382,50.901417,78.802322,115.704056,-15.825653,29.166077,4.347443,-23.643446,-45.413223,23.180946,31.987293,-1.211243,-19.489296,18.260754,12.019745,-12.370106
1,-4.999309,-2.622780,-8.253964,41.439926,62.406559,78.336258,-15.438385,29.208588,4.849258,-24.455145,-45.335083,22.195320,31.870522,-1.278900,-19.543659,18.468979,12.018524,-12.062115
1,-4.987206,-2.518013,-8.293817,36.750362,55.104862,89.235725,-15.303265,29.184647,4.989605,-24.930309,-45.223846,21.658459,31.832176,-1.301544,-19.489887,18.612343,12.026962,-11.840630
1,-4.935503,-2.416779,-8.354639,43.783546,92.418457,79.901901,-15.223766,29.154999,5.117729,-25.381014,-45.183624,20.983582,31.894306,-1.265320,-19.296688,18.772030,12.061020,-11.550488
1,-4.855055,-2.388973,-8.409593,37.149097,84.367401,66.784401,-15.294670,29.086533,5.010918,-25.652857,-45.153244,20.560249,32.006649,-1.202927,-19.028996,18.904919,12.112289,-11.288651
1,-4.811664,-2.349578,-8.445554,31.948349,84.466621,47.342155,-15.278908,29.061905,4.978806,-25.929626,-45.105270,20.234100,32.050358,-1.204193,-18.883137,19.017048,12.125244,-11.102097
1,-4.774736,-2.295784,-8.481231,24.103203,48.520905,50.465134,-15.260208,29.034897,5.010170,-26.168098,-45.097107,19.850502,32.081966,-1.178513,-18.763771,19.119228,12.153717,-10.910866
1,-4.698453,-2.251645,-8.535493,19.672489,54.713276,33.299301,-15.326683,28.978058,4.996071,-26.358231,-45.152115,19.346611,32.193966,-1.078903,-18.514408,19.230053,12.223022,-10.646019
1,-4.848934,-2.159458,-8.474939,22.269899,51.239105,45.594727,-15.013233,29.057663,5.386574,-26.473421,-45.063736,19.479378,31.851597,-1.224319,-19.047901,19.187412,12.146332,-10.843594
1,-4.956286,-2.108753,-8.425461,-0.029127,38.438625,-6.232082,-14.799633,29.113037,5.617760,-26.524944,-44.986801,19.657516,31.596149,-1.337723,-19.430634,19.148914,12.085983,-11.006618
1,-4.994450,-2.121234,-8.399752,0.888267,38.156281,-12.585451,-14.749226,29.133865,5.605881,-26.516249,-44.933273,19.868530,31.485649,-1.408005,-19.579697,19.130623,12.053497,-11.098866
1,-5.025535,-2.181157,-8.365797,-4.509053,42.134903,-31.056429,-14.743618,29.162369,5.454239,-26.442059,-44.836655,20.284050,31.391220,-1.522186,-19.705143,19.095810,11.997131,-11.243488
1,-5.086615,-2.250970,-8.310204,-20.546045,23.717173,-56.972637,-14.692299,29.216217,5.282135,-26.339266,-44.696198,20.889755,31.231518,-1.705734,-19.929817,19.040165,11.901764,-11.470715
1,-5.110681,-2.317972,-8.276953,-27.065022,-11.808803,-60.331070,-14.709679,29.243576,5.137428,-26.201052,-44.646637,21.312439,31.169086,-1.789902,-20.025169,18.987698,11.857925,-11.621231
1,-5.152257,-2.387798,-8.231200,-37.711491,-36.092434,-83.038498,-14.703247,29.283096,5.025909,-26.016687,-44.578796,21.805595,31.070885,-1.891907,-20.179680,18.906670,11.799515,-11.823841
1,-5.180922,-2.458737,-8.192232,-41.742821,-48.704849,-86.689995,-14.706879,29.319138,4.866806,-25.879646,-44.486679,22.273743,31.002098,-2.007980,-20.283909,18.848740,11.732941,-11.994545
1,-5.193653,-2.555038,-8.154615,-49.519436,-55.333515,-96.471146,-14.809376,29.307693,4.595535,-25.684214,-44.438950,22.818092,30.953999,-2.075043,-20.355118,18.793247,11.705063,-12.144527
1,-5.170817,-2.688318,-8.126229,-47.535347,-58.046341,-96.468025,-15.002541,29.267838,4.188038,-25.451525,-44.385391,23.402287,30.986725,-2.122101,-20.309464,18.746262,11.686417,-12.266953
1,-5.152590,-2.744403,-8.119057,-60.029408,-93.377106,-112.845955,-15.104702,29.244904,4.006817,-25.327885,-44.434967,23.645512,31.032589,-2.105942,-20.260223,18.731441,11.700424,-12.301418
1,-5.137137,-2.836411,-8.097197,-70.393959,-101.416435,-123.746895,-15.263680,29.200775,3.756119,-25.078709,-44.458313,24.054611,31.063484,-2.084793,-20.236626,18.676033,11.714905,-12.394360
1,-5.118340,-2.914160,-8.081476,-75.420380,-110.998528,-124.723122,-15.384968,29.171402,3.519001,-24.913134,-44.467010,24.402588,31.101429,-2.088165,-20.193184,18.650082,11.716217,-12.458687
1,-5.164111,-2.982920,-8.027088,-75.667122,-107.654381,-133.930817,-15.358406,29.222565,3.391319,-24.712891,-44.362839,24.959961,31.010883,-2.227356,-20.346928,18.566952,11.625153,-12.679375
1,-5.227884,-3.084455,-7.947035,-97.067207,-144.889130,-172.064041,-15.390999,29.237411,3.181702,-24.355856,-44.180634,25.738270,30.867054,-2.382187,-20.576656,18.429760,11.522141,-12.979500
1,-5.284410,-3.208273,-7.860152,-100.150719,-166.376633,-181.238754,-15.444725,29.254639,2.895054,-23.969988,-43.999298,26.646515,30.742371,-2.554031,-20.782928,18.293243,11.407288,-13.297974
1,-5.453802,-3.341468,-7.687044,-98.332047,-180.483719,-174.328491,-15.332767,29.384857,2.765102,-23.214796,-43.782333,28.038750,30.361477,-2.881348,-21.373365,17.985233,11.185608,-13.922386
1,-5.565919,-3.602916,-7.485956,-133.289871,-219.874786,-227.645966,-15.486198,29.395920,2.213726,-22.193127,-43.336960,29.850975,30.067226,-3.225540,-21.810389,17.629436,10.929825,-14.595428
1,-5.807335,-3.715467,-7.243629,-116.937263,-236.074020,-227.450150,-15.157555,29.627579,2.133980,-21.484150,-42.705612,31.437378,29.468048,-3.852859,-22.581835,17.227707,10.492569,-15.373814
1,-5.938010,-3.973279,-6.996648,-138.453125,-209.272659,-258.516388,-15.294075,29.626694,1.551872,-20.378523,-41.982147,33.352230,29.092220,-4.318680,-23.058992,16.802845,10.125336,-16.091785
1,-6.148129,-4.025652,-6.781934,-105.250351,-264.110809,-241.961029,-14.919624,29.876495,1.558094,-19.741993,-41.475021,34.594925,28.532314,-4.876373,-23.697720,16.437416,9.727051,-16.712624
1,-6.254349,-4.117938,-6.627646,-97.643646,-306.812622,-230.062607,-14.748920,30.020035,1.353355,-19.235357,-41.007462,35.604969,28.221840,-5.299393,-24.008539,16.194630,9.408813,-17.135378
1,-6.165030,-4.517127,-6.448873,-135.737320,-309.247803,-241.084015,-15.410755,29.739838,0.203781,-18.122829,-40.121338,37.337208,28.334873,-5.556870,-23.832155,15.962765,9.115051,-17.532679
1,-6.031032,-4.888953,-6.302762,-117.231010,-272.063660,-220.635529,-16.069963,29.372330,-1.006546,-17.374050,-39.133636,38.801968,28.569931,-5.807281,-23.486794,15.870983,8.824051,-17.783106
1,-5.900090,-5.208604,-6.169229,-100.019470,-265.537109,-211.437485,-16.594051,29.023346,-2.100460,-16.868366,-38.142242,40.026794,28.811089,-6.067764,-23.114866,15.832199,8.520554,-17.974005
1,-5.811888,-5.418311,-6.071563,-105.658287,-389.580200,-260.989685,-16.827175,28.814758,-2.915817,-16.749662,-37.244385,40.781116,28.949707,-6.413467,-22.785839,15.874405,8.207962,-18.074562
1,-5.741792,-5.703597,-5.873738,-98.472115,-375.974731,-247.246780,-17.082890,28.507614,-4.103355,-16.526690,-35.681931,42.122509,29.088253,-7.048615,-22.409576,15.870892,7.630829,-18.317951
1,-5.596663,-6.071848,-5.640038,-108.414192,-354.758881,-231.570084,-17.607334,27.912811,-5.531275,-16.172543,-33.939026,43.578430,29.327148,-7.548538,-21.898262,15.875954,7.097229,-18.529194
1,-5.358757,-6.518246,-5.366209,-123.826057,-302.752563,-242.933655,-18.385975,26.985901,-7.148991,-15.745031,-31.972855,45.010284,29.701431,-7.861115,-21.219049,15.881367,6.604065,-18.695576
1,-5.184157,-6.913610,-5.032545,-129.571945,-394.163910,-291.783997,-18.984123,26.096817,-8.618639,-15.308182,-29.761551,46.377487,29.901127,-8.361221,-20.665215,15.834122,5.966858,-18.925705
1,-5.178660,-7.266063,-4.515065,-104.196991,-454.036530,-286.544250,-19.234404,25.301056,-10.193994,-14.925480,-26.569717,48.244057,29.736019,-9.620529,-20.290541,15.676968,4.775238,-19.381176
1,-5.190632,-7.602678,-3.905972,-95.626595,-451.686523,-248.007782,-19.519333,24.357452,-11.761314,-14.367395,-22.950958,50.110085,29.500935,-10.986465,-19.892210,15.435272,3.418182,-19.849207
1,-5.225381,-7.862920,-3.296951,-111.227234,-485.470062,-213.616592,-19.729538,23.432693,-13.152491,-13.893206,-19.304688,51.621490,29.238373,-12.361877,-19.436966,15.188911,2.026779,-20.214363
1,-5.347156,-7.988391,-2.755639,-70.952637,-506.088074,-229.512146,-19.521832,22.811142,-14.474249,-14.009253,-15.705353,52.655056,28.947243,-13.995728,-18.744543,15.078365,0.491684,-20.367319
1,-5.346241,-8.163388,-2.185587,-77.129150,-479.029541,-182.098267,-19.669163,21.765396,-15.805787,-13.894764,-12.114777,53.493980,28.864223,-15.192352,-17.915092,14.964382,-0.866089,-20.419586
1,-5.180134,-8.391064,-1.660198,-85.217911,-500.904358,-153.343796,-20.145046,20.372040,-17.014868,-13.799759,-8.977646,53.900658,29.162048,-15.705963,-16.968952,14.939899,-1.877274,-20.326511
1,-5.083084,-8.527013,-1.205117,-34.313118,-430.805664,-137.194595,-20.407036,19.238586,-17.968719,-13.948515,-6.293961,54.077400,29.303667,-16.282883,-16.138170,14.927618,-2.806366,-20.194757
1,-4.844520,-8.713744,-0.775426,-46.093517,-336.772888,-147.020248,-20.863512,17.755676,-18.934967,-14.242834,-3.896500,54.103210,29.792282,-16.314713,-15.180191,15.068714,-3.464355,-19.962000
1,-4.563414,-8.888972,-0.401785,-57.590714,-355.646912,-163.369034,-21.395636,16.269684,-19.642952,-14.382252,-2.064606,54.100555,30.302124,-16.019302,-14.450890,15.198433,-3.845200,-19.781530
1,-4.039690,-9.147156,-0.102234,-75.256752,-310.065125,-114.124870,-22.294533,14.355942,-20.109371,-14.456569,-1.132965,53.970867,31.180351,-14.734314,-13.913631,15.414211,-3.622925,-19.634895
1,-3.657304,-9.306437,0.119878,-22.937748,-301.791412,-85.610107,-22.693100,12.878067,-20.640038,-14.999745,-0.318390,53.715858,31.853756,-13.844696,-13.229132,15.728348,-3.517670,-19.389791
1,-3.299350,-9.435443,0.294459,-5.148916,-295.311432,-74.146957,-23.003944,11.560349,-21.055534,-15.503730,0.202682,53.481773,32.438160,-12.926285,-12.668479,16.015392,-3.319092,-19.182060
1,-3.041407,-9.516798,0.424744,-7.346466,-360.773132,-97.035675,-23.097523,10.546204,-21.460581,-16.120087,0.643326,53.196930,32.870956,-12.282654,-12.090796,16.312349,-3.181122,-18.951590
1,-2.814029,-9.580101,0.550361,-5.601096,-335.340302,-110.239777,-23.163212,9.651581,-21.808554,-16.623777,1.082550,53.053394,33.247368,-11.679199,-11.627298,16.555359,-3.067291,-18.772678
1,-2.776592,-9.580750,0.706949,7.920836,-259.905853,-48.722355,-23.031069,9.190002,-22.170149,-17.079477,1.997253,52.989265,33.397942,-11.735748,-11.173582,16.717186,-3.347778,-18.601452
1,-2.815448,-9.555532,0.874690,4.677337,-214.229141,-13.684314,-22.863720,8.904068,-22.485664,-17.390900,3.084732,52.992172,33.432510,-12.051292,-10.794371,16.806927,-3.773224,-18.464844
1,-2.822948,-9.528383,1.113944,-17.314528,-235.422607,16.097116,-22.850771,8.425552,-22.700331,-17.390074,4.407425,52.968094,33.418472,-12.350853,-10.515232,16.795622,-4.256302,-18.382826
1,-2.800337,-9.505455,1.343290,-24.343660,-205.193756,21.223400,-22.858805,7.904053,-22.907463,-17.419392,5.627747,52.933918,33.461239,-12.514366,-10.237516,16.800797,-4.681137,-18.287004
1,-2.779469,-9.473934,1.587175,-12.416039,-224.274307,18.365992,-22.761616,7.284225,-23.230328,-17.739468,6.975693,52.723942,33.553295,-12.690323,-9.741149,16.902256,-5.143547,-18.076918
1,-2.692199,-9.464824,1.780220,-2.656364,-127.530212,17.037415,-22.734180,6.616898,-23.474138,-18.097046,7.905838,52.587181,33.735748,-12.548447,-9.366891,17.018602,-5.387474,-17.908241
1,-2.644620,-9.450317,1.922883,-8.749557,-124.351990,30.942265,-22.721821,6.169876,-23.624617,-18.297684,8.614990,52.472622,33.839516,-12.497955,-9.118668,17.082033,-5.593971,-17.791729
1,-2.658708,-9.425675,2.021858,-14.241231,-112.238564,37.392128,-22.654144,5.945770,-23.763994,-18.493296,9.218475,52.331161,33.878639,-12.611282,-8.881019,17.131334,-5.829025,-17.670494
1,-2.747602,-9.393367,2.053127,-20.864408,-53.958126,26.791777,-22.509680,6.055237,-23.896128,-18.668396,9.614456,52.249390,33.836670,-12.915817,-8.691335,17.154387,-6.080070,-17.565647
1,-2.729256,-9.378447,2.143807,-15.171656,-26.181639,40.739738,-22.529169,5.794365,-23.952581,-18.711792,10.081474,52.206810,33.886406,-12.910835,-8.591830,17.157547,-6.235756,-17.509550
1,-2.720348,-9.374634,2.171623,-7.078377,43.701088,19.060102,-22.558067,5.722382,-23.954092,-18.701912,10.211639,52.244160,33.918003,-12.887329,-8.602724,17.140312,-6.289139,-17.507305
1,-2.708290,-9.391582,2.112663,-3.629827,109.014984,28.061552,-22.608244,5.867569,-23.881577,-18.661789,9.848206,52.417244,33.945946,-12.775284,-8.773571,17.106749,-6.172447,-17.584194
1,-2.736871,-9.423739,1.924234,-10.361423,166.428177,7.115494,-22.713863,6.444885,-23.618612,-18.378448,8.803177,52.810738,33.852516,-12.713905,-9.269991,16.974728,-5.859520,-17.826456
1,-2.982824,-9.398153,1.666577,-13.130187,187.182785,-3.129312,-22.803488,7.772903,-23.119833,-17.483805,7.710022,53.436951,33.399841,-13.334251,-10.143294,16.567324,-5.784073,-18.236517
1,-3.093323,-9.414290,1.342567,6.889234,280.470673,-1.598302,-23.048151,8.967163,-22.445709,-16.518377,5.910049,54.119209,33.109718,-13.324852,-11.243373,16.178768,-5.305618,-18.727222
1,-3.171165,-9.435459,0.956988,10.459150,362.440369,43.599983,-23.355206,10.248489,-21.599464,-15.378061,3.624496,54.809971,32.840908,-13.032745,-12.521682,15.756390,-4.610794,-19.267265
1,-3.476936,-9.366291,0.428370,53.219639,431.443481,94.465363,-23.210636,12.330582,-20.691631,-14.536052,0.887695,55.319710,32.328152,-13.254021,-13.739903,15.364971,-3.985016,-19.722769
1,-3.901732,-9.206458,-0.132722,83.344193,445.869202,137.791321,-22.673820,14.613037,-19.788050,-14.201756,-1.844986,55.435814,31.675905,-13.802567,-14.729507,15.101313,-3.448593,-20.020842
1,-4.297017,-8.997006,-0.767803,68.221161,441.504913,139.537399,-22.050709,16.921158,-18.652191,-13.967514,-5.090836,55.339531,31.076792,-14.029236,-15.813903,14.909285,-2.662857,-20.282934
1,-4.703833,-8.704878,-1.448813,85.451714,431.369385,172.505249,-21.158424,19.260818,-17.410164,-14.135141,-8.540329,54.967659,30.517401,-14.168640,-16.804050,14.861216,-1.803848,-20.421246
1,-4.950266,-8.407102,-2.194426,102.159645,433.677185,198.779251,-20.378891,21.233994,-16.022907,-14.599207,-12.535568,54.171619,30.267281,-13.653976,-17.664963,15.028786,-0.559204,-20.392323
1,-4.970761,-8.167865,-2.928741,65.322968,388.329803,165.148102,-20.074062,22.531845,-14.573228,-14.955742,-16.776138,52.873428,30.373478,-12.383316,-18.334467,15.306149,1.044174,-20.180099
1,-5.038896,-7.769897,-3.773356,96.583466,387.449310,237.176392,-19.413494,24.149933,-12.809347,-15.639046,-21.547379,50.973434,30.512367,-11.088684,-18.898178,15.688698,2.723206,-19.735502
1,-5.082875,-7.391139,-4.419893,98.468277,346.715240,240.144928,-18.918777,25.298065,-11.254596,-16.154564,-25.258179,49.090382,30.616291,-10.011642,-19.291821,15.988663,4.042053,-19.269142
1,-5.089472,-6.973248,-5.046890,107.242744,346.267548,281.186798,-18.508005,26.286438,-9.559964,-16.623695,-28.914688,46.825081,30.768559,-8.788574,-19.602421,16.279911,5.387894,-18.683525
1,-4.819438,-6.679782,-5.670407,94.703735,393.949860,285.191925,-18.725946,26.578064,-8.241606,-17.040535,-32.500534,44.095238,31.387768,-6.901169,-19.290077,16.679508,6.988007,-17.766357
1,-4.772509,-6.235552,-6.192014,112.406876,318.186096,283.737579,-18.440163,27.215149,-6.664913,-17.562855,-35.432236,41.441170,31.596897,-5.760117,-19.266357,16.972404,8.111282,-16.982256
1,-4.709421,-5.963062,-6.501019,57.518459,277.797089,217.233978,-18.451973,27.421539,-5.646200,-17.664988,-37.246048,39.571232,31.693645,-4.899506,-19.247263,17.102100,8.886002,-16.440849
1,-4.684961,-5.660434,-6.783113,64.507530,272.793793,224.477936,-18.335167,27.694458,-4.589247,-17.919945,-38.828445,37.703606,31.771088,-4.206924,-19.228783,17.233826,9.514587,-15.919343
1,-4.704356,-5.455813,-6.935642,57.357559,270.808472,199.426163,-18.227045,27.866425,-3.867901,-18.053463,-39.718475,36.545612,31.728657,-3.851654,-19.319977,17.285736,9.859039,-15.635130
1,-4.734699,-5.256226,-7.067864,36.141445,184.812622,176.443298,-18.099125,28.043793,-3.156610,-18.175133,-40.484070,35.485226,31.695721,-3.538391,-19.413509,17.322136,10.143417,-15.391819
1,-4.782839,-5.004220,-7.216802,41.356544,152.812378,162.489502,-17.851290,28.300262,-2.309444,-18.475124,-41.284592,34.239399,31.684711,-3.262955,-19.493599,17.393932,10.402634,-15.106447
1,-4.811334,-4.755400,-7.364594,38.210938,170.357010,153.905029,-17.620028,28.514099,-1.499557,-18.833714,-42.034622,32.957863,31.721024,-2.972702,-19.504629,17.484764,10.656647,-14.789146
1,-4.889701,-4.582610,-7.422298,25.775045,161.671616,106.040382,-17.361540,28.697372,-0.927757,-19.082998,-42.355942,32.282612,31.614159,-2.949371,-19.684607,17.511665,10.723724,-14.688599
1,-4.991068,-4.464276,-7.426943,12.416224,115.537575,111.150963,-17.127029,28.842682,-0.506760,-19.190651,-42.486771,32.004070,31.421677,-3.026245,-19.970734,17.485252,10.715881,-14.722206
1,-5.042294,-4.371581,-7.447453,9.722828,94.919617,82.190170,-16.984652,28.923828,-0.186817,-19.304363,-42.637131,31.682178,31.326290,-3.009811,-20.112803,17.485470,10.753784,-14.689587
1,-5.018154,-4.305813,-7.501873,6.246821,73.306686,80.623085,-17.009962,28.898224,0.025200,-19.397667,-42.900696,31.213703,31.378304,-2.805725,-20.049236,17.521439,10.898361,-14.534458
1,-5.036248,-4.254972,-7.518738,0.844539,57.047340,39.042080,-16.971628,28.914017,0.218151,-19.434959,-43.019531,30.982964,31.343796,-2.736252,-20.110401,17.513184,10.952530,-14.497725
1,-5.035575,-4.214340,-7.542037,-8.164624,46.861919,57.093243,-17.006550,28.887589,0.410347,-19.403421,-43.186844,30.716415,31.345669,-2.578827,-20.135960,17.488796,11.052765,-14.440966
1,-4.993233,-4.197950,-7.579238,-9.932875,42.982750,42.172203,-17.146206,28.800217,0.520912,-19.333431,-43.381317,30.411572,31.433975,-2.329224,-20.043831,17.471897,11.197388,-14.333902
1,-4.939396,-4.189322,-7.619183,-14.465371,34.130451,38.125736,-17.321093,28.695602,0.618282,-19.223253,-43.588318,30.096844,31.547104,-2.044479,-19.919937,17.446274,11.355209,-14.219450
1,-4.719907,-4.413155,-7.631942,-18.354118,-14.210950,-31.855492,-18.179295,28.201859,0.195889,-18.437933,-43.808594,30.352249,31.951065,-1.260117,-19.477308,17.224888,11.687515,-14.188848
1,-4.701950,-4.496775,-7.594122,-28.766462,-25.260733,-45.088692,-18.295238,28.126648,-0.044376,-18.261496,-43.737244,30.767323,31.927692,-1.267410,-19.496582,17.186462,11.671799,-14.284679
1,-4.648315,-4.564819,-7.586540,-21.250196,-34.074017,-23.938869,-18.457928,28.021027,-0.255848,-18.115341,-43.792511,30.975784,31.977646,-1.158813,-19.406475,17.176022,11.729095,-14.284719
1,-4.623430,-4.595055,-7.583493,-22.654440,-30.526060,-25.137289,-18.536106,27.973862,-0.342384,-18.024698,-43.905640,31.091248,31.983551,-1.084702,-19.387726,17.172165,11.782349,-14.283428
1,-4.611591,-4.623118,-7.573639,-23.469833,-36.476837,-25.358099,-18.593897,27.939270,-0.411610,-17.922861,-43.980530,31.234276,31.965961,-1.042343,-19.406210,17.158730,11.816330,-14.305000
1,-4.621540,-4.641731,-7.556170,-26.572071,-28.806845,-32.377453,-18.607882,27.936935,-0.432194,-17.827682,-44.032852,31.393482,31.913124,-1.045685,-19.484495,17.133240,11.823944,-14.358965
1,-4.600946,-4.691755,-7.537820,-21.425449,-19.957973,-25.483686,-18.701624,27.881866,-0.553101,-17.661730,-44.128571,31.627213,31.885162,-0.990982,-19.511198,17.106773,11.866455,-14.402273
1,-4.628360,-4.688997,-7.522738,-22.656948,-11.519227,-34.154465,-18.644697,27.929169,-0.521976,-17.632114,-44.218567,31.738899,31.794518,-1.049393,-19.631443,17.101959,11.860641,-14.451363
1,-4.780425,-4.682976,-7.430832,-23.282991,-51.954063,-23.354357,-18.420345,28.075531,-0.366554,-17.456944,-44.076279,32.338280,31.492867,-1.326797,-20.125702,16.977123,11.714737,-14.761250
1,-4.870428,-4.654145,-7.390390,-24.491499,-45.174171,-28.533867,-18.279949,28.159103,-0.197834,-17.374126,-44.028290,32.567425,31.337978,-1.432739,-20.396528,16.902489,11.660568,-14.905113
1,-4.933829,-4.622742,-7.368011,-12.134897,-36.405548,-12.417654,-18.161901,28.231476,-0.046616,-17.338852,-44.012466,32.675987,31.244820,-1.497528,-20.572289,16.854126,11.626175,-14.991943
